Chandler Jones,29,8,DE,37
Patrick Peterson,28,9,CB,37
Justin Pugh,28,7,G,37
David Johnson,27,5,RB,37
Kyler Murray,21,0,QB,37
Jordan Hicks,27,5,ILB,37
Marcus Gilbert,31,9,RT,37
Robert Alford,30,7,CB,37
D.J. Swearinger,27,7,FS,37
Haason Reddick,24,3,OLB,37
Corey Peters,31,10,DT,37
Larry Fitzgerald,35,16,WR,37
Terrell Suggs,36,17,OLB,37
Darius Philon,25,5,DT,37
J.R. Sweezy,30,8,G,37
D.J. Humphries,25,5,LT,37
Robert Nkemdiche,24,4,DE,37
Byron Murphy,21,0,CB,37
Budda Baker,23,3,SS,37
Christian Kirk,22,2,WR,37
Andy Lee,36,16,P,37
Andy Isabella,22,0,WR,37
Zach Allen,21,0,DE,37
Aaron Brewer,28,8,LS,37
Mason Cole,23,2,C,37
Hakeem Butler,23,0,WR,37
Chad Williams,24,3,WR,37
Brandon Williams,26,4,CB,37
Chase Edmonds,23,2,RB,37
Pharoh Cooper,24,4,WR,37
Deionte Thompson,22,0,S,37
Keesean Johnson,22,0,WR,37
Lamont Gaillard,23,0,C,37
T.J. Logan,24,3,RB,37
Joshua Miles,23,0,T,37
Michael Dogbe,23,0,DE,37
Caleb Wilson,22,0,TE,37
Tanner Vallejo,24,3,OLB,37
Johnathan Ford,24,3,S,37
Korey Cunningham,24,2,T,37
A.Q. Shipley,33,8,C,37
Charles Clay,30,9,TE,37
Max Garcia,27,5,G,37
Brett Hundley,26,5,QB,37
A.J. Richardson,0,0,WR,37
Nate Brooks,0,0,CB,37
Xavier Turner,0,0,RB,37
Drew Anderson,23,0,QB,37
Drew Belcher,0,0,TE,37
Dante Booker,0,0,LB,37
Miles Brown,21,0,DT,37
Tariq Cole,0,0,T,37
William Sweet,0,0,T,37
Immanuel Turner,22,0,DT,37
Wes Hills,24,0,RB,37
Tyler Sigler,0,0,S,37
Dontae Strickland,0,0,RB,37
Rodney Gunter,27,5,DT,37
Desmond Harrison,25,2,LT,37
Jonathan Owens,23,2,S,37
Trent Sherfield,23,2,WR,37
Dennis Gardeck,24,2,OLB,37
Ezekiel Turner,23,2,S,37
Brooks Reed,32,9,DE,37
Kevin White,27,5,WR,37
Tramaine Brock,30,10,CB,37
Rees Odhiambo,26,4,T,37
Vincent Valentine,25,3,DT,37
Joe Walker,26,4,ILB,37
Vontarrius Dora,26,1,OLB,37
Will Holden,25,2,T,37
Pita Taumoepenu,25,2,OLB,37
Zane Gonzalez,24,3,K,37
Cameron Malveaux,24,2,DE,37
Colby Gossett,24,2,G,37
Chris Jones,23,1,S,37
Terrell McClain,30,9,DT,37
Josh Shaw,27,5,FS,37
Maxx Williams,25,5,TE,37
Jeremy Vujnovich,28,3,LT,37
Damiere Byrd,26,4,WR,37
D.J. Foster,25,4,WR,37
Darrell Daniels,24,3,TE,37
Ricky Seals-Jones,24,3,TE,37
Pete Robertson,26,1,OLB,37
Deatrick Nichols,25,2,CB,37
Chad Kanoff,24,1,QB,37
Coleman Shelton,23,1,T,37
Ryan Winslow,25,1,P,37
Matt Ryan,34,12,QB,38
Jake Matthews,27,6,LT,38
Julio Jones,30,9,WR,38
Desmond Trufant,28,7,CB,38
Alex Mack,33,11,C,38
Devonta Freeman,27,6,RB,38
Mohamed Sanu,29,8,WR,38
James Carpenter,30,9,G,38
Ricardo Allen,27,5,FS,38
Jamon Brown,26,5,G,38
Grady Jarrett,26,5,DT,38
Chris Lindstrom,22,0,G,38
Vic Beasley,26,5,DE,38
Ty Sambrailo,27,5,T,38
Matt Bosher,31,9,P,38
Calvin Ridley,24,2,WR,38
Keanu Neal,23,4,SS,38
Kaleb McGary,24,0,T,38
Takkarist McKinley,23,3,DE,38
Jack Crawford,30,8,DT,38
Luke Stocker,30,9,TE,38
Isaiah Oliver,22,2,CB,38
Deion Jones,24,4,ILB,38
Matt Schaub,38,16,QB,38
Duke Riley,24,3,OLB,38
Deadrin Senat,24,2,DT,38
Kendall Sheffield,23,0,CB,38
Austin Hooper,24,4,TE,38
Josh Harris,30,8,LS,38
Ito Smith,23,2,RB,38
John Cominsky,23,0,DE,38
De'Vondre Campbell,26,4,OLB,38
Qadree Ollison,22,0,RB,38
Jordan Miller,22,0,CB,38
Damontae Kazee,26,3,S,38
Marcus Green,22,0,WR,38
Eric Saubert,25,3,TE,38
Russell Gage,23,2,WR,38
Foyesade Oluokun,23,2,LB,38
Wes Schweitzer,25,4,G,38
Adrian Clayborn,30,9,DE,38
Rashard Causey,0,0,CB,38
Yurik Bethune,0,0,OLB,38
Parker Baldwin,0,0,S,38
Lanard Bonner,23,0,TE,38
Shawn Bane Jr.,0,0,WR,38
Olamide Zaccheaus,0,0,WR,38
Durrant Miles,0,0,DE,38
Del'Shawn Phillips,0,0,LB,38
Jaelin Robinson,0,0,T,38
Kahlil Lewis,0,0,WR,38
Jayson Stanley,22,0,WR,38
Tre Crawford III,0,0,OLB,38
Kyle Vasey,23,0,LS,38
Chandler Miller,23,0,C,38
C.J. Worton,0,0,WR,38
Tony Brooks-James,0,0,RB,38
Matt Gono,23,2,T,38
Sharrod Neasman,27,4,S,38
Sean Harlow,24,2,G,38
Chris Odom,24,2,DE,38
Dieugot Joseph,25,1,T,38
Giorgio Tavecchio,28,3,K,38
Brian Hill,23,3,RB,38
Travez Calhoun,26,1,S,38
Alex Gray,28,1,TE,38
Kurt Benkert,23,1,QB,38
Christian Blake,23,1,WR,38
Devin Gray,24,1,WR,38
Jacob Tuioti-Mariner,22,1,DT,38
Austin Larkin,24,0,DE,38
Chris Cooper,25,1,S,38
Jaeden Graham,23,1,TE,38
Justin Zimmer,26,2,DT,38
Ricky Ortiz,25,2,FB,38
Ryan Neal,23,1,FS,38
Logan Paulsen,32,10,TE,38
Bruce Carter,31,9,OLB,38
Blidi Wreh-Wilson,29,7,CB,38
J.J. Wilcox,30,7,FS,38
Steven Means,29,5,DE,38
Kenjon Barner,30,6,RB,38
Kemal Ishmael,28,7,OLB,38
Justin Hardy,27,5,WR,38
Tyeler Davison,26,5,DT,38
Adam Gettis,30,6,G,38
Ra'Shede Hageman,28,4,DE,38
John Wetzel,27,4,G,38
Michael Bennett,26,4,DT,38
Jermaine Grace,25,3,OLB,38
Jason Thompson,25,1,S,38
Earl Thomas,30,10,FS,39
Brandon Williams,30,7,DT,39
Jimmy Smith,30,9,CB,39
Tony Jefferson,27,7,SS,39
Tavon Young,25,4,CB,39
Brandon Carr,33,12,CB,39
Ronnie Stanley,25,4,LT,39
Justin Tucker,29,8,K,39
Nick Boyle,26,5,TE,39
James Hurst,27,6,RT,39
Sam Koch,36,14,P,39
Mark Ingram,29,9,RB,39
Marlon Humphrey,22,3,CB,39
Marquise Brown,22,0,WR,39
Hayden Hurst,25,2,TE,39
Marshal Yanda,34,13,G,39
Lamar Jackson,22,2,QB,39
Willie Snead,26,5,WR,39
Morgan Cox,33,10,LS,39
Tyus Bowser,24,3,OLB,39
Anthony Levine,32,8,ILB,39
Robert Griffin III,29,6,QB,39
Justin Bethel,29,8,CB,39
Jaylon Ferguson,23,0,DE,39
Chris Wormley,25,3,DT,39
Orlando Brown Jr.,23,2,T,39
Mark Andrews,22,2,TE,39
Tim Williams,25,3,OLB,39
Justice Hill,21,0,RB,39
Ben Powers,0,0,G,39
Iman Marshall,22,0,CB,39
Anthony Averett,24,2,CB,39
Kenny Young,23,2,ILB,39
Michael Pierce,26,4,DT,39
Patrick Onwuasor,26,4,ILB,39
Jaleel Scott,24,2,WR,39
Chris Moore,26,4,WR,39
Alex Lewis,25,4,G,39
Daylon Mack,22,0,DT,39
Jordan Lasley,22,2,WR,39
Willie Henry,25,4,DT,39
Kenneth Dixon,25,4,RB,39
Trace McSorley,23,0,QB,39
Deshon Elliott,22,2,S,39
Matt Judon,26,4,OLB,39
Greg Senat,24,2,T,39
Bradley Bozeman,24,2,C,39
Chuck Clark,24,3,S,39
Zach Sieler,23,2,DE,39
Maurice Canady,25,4,CB,39
Seth Roberts,28,5,WR,39
Cyrus Jones,25,4,CB,39
Mike Onuoha,0,0,OLB,39
Gerald Willis,0,0,DT,39
Antoine Wesley,0,0,WR,39
Otaro Alaka,0,0,ILB,39
Patrick Mekari,21,0,G,39
Markus Jones,0,0,OLB,39
Silas Stewart,0,0,OLB,39
E.J. Ejiya,0,0,ILB,39
Charles Scarff,23,0,TE,39
Cole Herdman,24,0,TE,39
Marcus Applefield,0,0,T,39
Matthew Orzech,24,0,LS,39
Sean Modster,0,0,WR,39
Jaylen Smith,21,0,WR,39
Terrell Bonds,0,1,CB,39
Aaron Adeoye,0,1,DE,39
Patrick Vahe,0,0,G,39
Joe Horn Jr.,0,0,WR,39
Chris Board,23,2,LB,39
Kaare Vedvik,25,1,K,39
Patrick Ricard,25,3,FB,39
Darrell Williams,25,2,T,39
Shane Ray,26,5,OLB,39
Pernell McPhee,30,9,OLB,39
Michael Floyd,29,8,WR,39
Tyler Ervin,25,4,RB,39
Stanley Jean-Baptiste,29,5,CB,39
Matt Skura,26,3,C,39
Jermaine Eluemunor,24,3,G,39
Matthew Thomas,23,2,LB,39
Gus Edwards,24,2,RB,39
Bennett Jackson,27,1,SS,39
Randin Crecelius,22,1,G,39
Alvin Jones,24,1,LB,39
R.J. Prince,24,1,G,39
Christopher Ezeala,23,1,FB,39
De’Lance Turner,23,2,RB,39
Miles Boykin,22,0,WR,39
Star Lotulelei,29,7,DT,40
Mitch Morse,27,5,C,40
LeSean McCoy,30,11,RB,40
Micah Hyde,28,7,SS,40
Cole Beasley,30,8,WR,40
John Brown,29,6,WR,40
Trent Murphy,28,6,DE,40
Jerry Hughes,30,10,DE,40
Josh Allen,23,2,QB,40
Ed Oliver,21,0,DT,40
Tyler Kroft,26,5,TE,40
Jordan Poyer,28,7,FS,40
Tremaine Edmunds,21,2,ILB,40
Spencer Long,28,6,C,40
Shaq Lawson,25,4,DE,40
Tre'Davious White,24,3,CB,40
Ty Nsekhe,33,5,RT,40
Lee Smith,31,9,TE,40
Steven Hauschka,34,12,K,40
Patrick DiMarco,30,8,FB,40
Cody Ford,22,0,RT,40
Jon Feliciano,27,5,G,40
Zay Jones,24,3,WR,40
Russell Bodine,27,6,C,40
Andre Roberts,31,10,WR,40
Jordan Phillips,26,5,DT,40
Dion Dawkins,25,3,LT,40
Matt Barkley,28,7,QB,40
Devin Singletary,21,0,RB,40
Lorenzo Alexander,36,13,OLB,40
Dawson Knox,22,0,TE,40
Vladimir Ducasse,31,10,G,40
Rafael Bush,32,9,FS,40
Harrison Phillips,23,2,DT,40
T.J. Yeldon,25,5,RB,40
Taron Johnson,22,2,CB,40
Julian Stanford,28,6,OLB,40
Kevin Johnson,26,5,CB,40
Vosean Joseph,21,0,LB,40
Siran Neal,24,2,S,40
Reid Ferguson,25,3,LS,40
Wyatt Teller,24,2,G,40
Jaquan Johnson,0,0,S,40
Matt Milano,24,3,OLB,40
Isaiah McKenzie,24,3,WR,40
Ray-Ray McCloud,22,2,WR,40
Darryl Johnson,22,0,OLB,40
Tommy Sweeney,24,0,TE,40
Conor McDermott,26,3,T,40
E.J. Gaines,27,6,CB,40
Quinton Spain,27,5,G,40
Frank Gore,36,15,RB,40
LaAdrian Waddle,27,7,RT,40
Marcus Murphy,28,4,RB,40
David Sills,0,0,WR,40
Tyree Jackson,0,0,QB,40
Nick Easley,0,0,WR,40
Juwan Foggie,0,0,LB,40
Christian Wade,28,1,RB,40
Cam Lewis,0,0,CB,40
Tyrel Dodson,0,0,LB,40
Chase McLaughlin,23,0,K,40
Garrett McGhin,0,0,T,40
L.T. Walton,0,0,DT,40
Ike Boettger,24,2,G,40
Mike Love,25,1,DE,40
Corey Thompson,25,2,LB,40
Da'Mari Scott,23,2,WR,40
Corey Bojorquez,22,2,P,40
Kyle Peko,25,2,DT,40
Denzel Rice,26,3,CB,40
De'Ondre Wesley,26,3,G,40
Cam Phillips,23,1,WR,40
Dean Marlowe,26,3,SS,40
Isaiah McKenzie,24,3,WR,40
Victor Bolden,24,3,WR,40
Duke Williams,26,1,WR,40
Keith Towbridge,24,2,TE,40
Jason Croom,25,2,TE,40
Cory Carter,24,2,P,40
Ryan Lewis,25,2,CB,40
Robert Foster,25,2,WR,40
Levi Wallace,24,2,CB,40
Maurice Alexander,29,5,LB,40
Eli Harold,25,5,OLB,40
Senorise Perry,27,5,RB,40
Jeremiah Sirles,27,6,G,40
Lafayette Pitts,26,4,CB,40
Deon Lacey,28,3,OLB,40
Eddie Yarbrough,26,3,DE,40
Nate Becker,0,0,TE,40
Cam Newton,30,9,QB,41
Kawann Short,30,7,DT,41
Luke Kuechly,28,8,ILB,41
Trai Turner,26,6,G,41
Matt Paradis,29,5,C,41
Dontari Poe,28,8,DT,41
Mario Addison,31,9,DE,41
Eric Reid,27,7,SS,41
Christian McCaffrey,23,3,RB,41
Greg Olsen,34,13,TE,41
Graham Gano,32,10,K,41
Torrey Smith,30,9,WR,41
D.J. Moore,22,2,WR,41
Shaq Thompson,25,5,OLB,41
Vernon Butler,25,4,DT,41
Gerald McCoy,31,9,DT,41
Greg Little,21,0,T,41
Michael Palardy,26,4,P,41
Jarius Wright,29,8,WR,41
Ross Cockrell,27,6,CB,41
Curtis Samuel,22,3,WR,41
Daryl Williams,26,5,RT,41
J.J. Jansen,33,12,LS,41
Donte Jackson,23,2,CB,41
Tyler Larsen,27,4,C,41
Taylor Moton,24,3,LT,41
Bruce Irvin,32,8,DE,41
James Bradberry,25,4,CB,41
Will Grier,24,0,QB,41
Rashaan Gaulden,24,2,S,41
Christian Miller,23,0,DE,41
Ian Thomas,24,2,TE,41
Marquis Haynes,25,2,DE,41
Jordan Scarlett,23,0,RB,41
Jermaine Carter,24,2,ILB,41
Corn Elder,24,3,CB,41
Dennis Daley,22,0,T,41
Terry Godwin,22,0,WR,41
Colin Jones,31,9,FS,41
Andre Smith,22,2,ILB,41
Kevon Seymour,25,4,CB,41
Alex Armah,25,3,FB,41
Chris Manhertz,27,4,TE,41
Elijah Holyfield,0,0,RB,41
Corrion Ballard,0,0,CB,41
Damion Jeanpiere,22,0,WR,41
Jordan Kunaszyk,22,0,LB,41
Sione Teuhema,22,0,LB,41
Jared Norris,25,4,OLB,41
Greg Van Roten,29,5,G,41
Lorenzo Doss,25,5,CB,41
Chris Hogan,30,7,WR,41
Kyle Love,32,8,DT,41
Temarrick Hemingway,25,3,TE,41
Dillon Gordon,25,3,TE,41
Jason Vander Laan,26,2,TE,41
Dorian Johnson,24,1,G,41
Kyle Allen,23,1,QB,41
Taylor Hearn,23,1,G,41
Cameron Artis-Payne,29,5,RB,41
Aldrick Robinson,30,7,WR,41
Taylor Heinicke,26,4,QB,41
Destiny Vaeao,25,4,DT,41
Ian Silberman,26,3,G,41
Javien Elliott,25,3,CB,41
Rashad Ross,29,3,WR,41
Bryan Cox Jr.,25,3,DE,41
DeAndrew White,27,2,WR,41
Efe Obada,27,2,DE,41
Antwione Williams,26,2,OLB,41
Woodrow Hamilton,26,2,DT,41
Elijah Qualls,24,2,DT,41
Kai Nacua,24,2,S,41
Brandon Greene,25,1,T,41
Kitt O'Brien,29,1,G,41
Parker Collins,25,1,G,41
Marcus Baugh,24,1,TE,41
Damien Parms,26,2,S,41
Brandon Chubb,25,2,ILB,41
Kofi Amichia,24,1,C,41
Elijah Hood,23,2,RB,41
Josh Thornton,26,1,CB,41
Cole Luke,24,2,CB,41
Cole Hunt,24,1,TE,41
Reggie Bonnafon,23,1,RB,41
Andre Levrone,24,1,WR,41
Jonathan Celestin,23,1,LB,41
Ethan Wolf,23,1,TE,41
Brian Burns,21,0,DE,41
Khalil Mack,28,6,OLB,42
Kyle Fuller,27,6,CB,42
Akiem Hicks,29,8,DE,42
Eddie Goldman,25,5,DT,42
Allen Robinson,25,6,WR,42
Charles Leno,27,6,LT,42
Trey Burton,27,6,TE,42
Bobby Massie,29,8,RT,42
Mitchell Trubisky,24,3,QB,42
Danny Trevathan,29,8,ILB,42
Prince Amukamara,30,9,CB,42
Taylor Gabriel,28,6,WR,42
Roquan Smith,22,2,LB,42
Buster Skrine,30,9,CB,42
Leonard Floyd,26,4,OLB,42
Kyle Long,30,7,G,42
Chase Daniel,32,11,QB,42
Cordarrelle Patterson,28,7,WR,42
James Daniels,21,2,G,42
Mike Davis,26,5,RB,42
Adam Shaheen,25,3,TE,42
Anthony Miller,24,2,WR,42
Cody Whitehair,26,4,C,42
David Montgomery,22,0,RB,42
Sherrick McManis,31,10,CB,42
Pat O'Donnell,28,6,P,42
Jonathan Bullard,25,4,DE,42
Riley Ridley,22,0,WR,42
Joel Iyiegbuniwe,23,2,ILB,42
Eddie Jackson,26,3,S,42
Tarik Cohen,23,3,RB,42
Bradley Sowell,30,8,TE,42
HaHa Clinton-Dix,26,6,FS,42
Nick Kwiatkoski,26,4,ILB,42
Deon Bush,25,4,S,42
Bilal Nichols,22,2,DE,42
Ben Braunecker,25,4,TE,42
Kylie Fitts,24,2,DE,42
Kerrith Whyte,22,0,RB,42
Stephen Denmark,0,0,CB,42
Javon Wims,24,2,WR,42
Dax Raymond,0,0,TE,42
Chuck Harris,0,0,DE,42
Emanuel Hall,0,0,WR,42
Mathieu Betts,0,0,DE,42
Alex Bars,0,0,G,42
Ian Bunting,23,0,TE,42
Marquez Tucker,0,0,G,42
Doyin Jibowu,0,0,CB,42
Ellis Richardson,0,0,TE,42
Daryle Banfield,0,0,DT,42
Sam Mustipher,0,0,C,42
Joe Lowery,0,0,T,42
Blake Blackmar,0,0,G,42
John Wirtel,0,0,LS,42
Jonathan Harris,0,0,DT,42
Elliott Fry,24,1,K,42
Clifton Duck,0,0,CB,42
Josh Simmons,0,0,CB,42
Thomas Ives,0,0,WR,42
Jesper Horsted,0,0,WR,42
Jalen Dalton,0,0,DT,42
Eddy Piniero,23,2,K,42
Kevin Toliver,23,2,CB,42
Rashard Fant,24,0,CB,42
Aaron Lynch,26,6,DE,42
Tanner Gentry,24,1,WR,42
Taquan Mizzell,25,3,RB,42
James Vaughters,26,1,DE,42
Jonathan Mincy,26,1,CB,42
Abdullah Anderson,23,1,DT,42
Michael Joseph,24,1,CB,42
Ryan Nall,23,1,RB,42
John Franklin,24,1,CB,42
Josh Woods,23,1,LB,42
Jameer Thurman,24,1,LB,42
Jordan Williams-Lambert,25,1,WR,42
Ted Larsen,32,10,G,42
Nick Williams,29,4,DT,42
Tyler Bray,27,6,QB,42
Cornelius Lucas,27,5,RT,42
Patrick Scales,31,4,LS,42
T.J. Clemmings,27,4,RT,42
DeAndre Houston-Carson,26,4,S,42
Roy Robertson-Harris,25,3,DE,42
Marvin Hall,26,3,WR,42
Rashaad Coward,24,2,G,42
Isaiah Irving,25,3,OLB,42
Jordan McCray,27,1,G,42
Kevin Pierre-Louis,25,6,OLB,42
Duke Shelley,22,0,S,42
Andy Dalton,31,9,QB,43
Geno Atkins,31,10,DT,43
A.J. Green,30,9,WR,43
Cordy Glenn,29,8,G,43
Dre Kirkpatrick,29,8,CB,43
Carlos Dunlap,30,10,DE,43
Clint Boling,30,9,G,43
Shawn Williams,28,7,SS,43
C.J. Uzomah,26,5,TE,43
Jonah Williams,21,0,T,43
John Ross,24,3,WR,43
Preston Brown,26,6,ILB,43
John Miller,25,5,G,43
Bobby Hart,24,5,RT,43
Giovani Bernard,27,7,RB,43
Billy Price,23,2,C,43
B.W. Webb,29,6,CB,43
William Jackson,26,4,CB,43
Kevin Huber,33,11,P,43
Drew Sample,23,0,TE,43
Joe Mixon,22,3,RB,43
Jessie Bates III,22,2,S,43
Alex Erickson,26,4,WR,43
Darqueze Dennard,27,6,CB,43
Tyler Boyd,25,4,WR,43
Randy Bullock,29,8,K,43
Tyler Eifert,28,7,TE,43
Sam Hubbard,24,2,DE,43
Jordan Willis,24,3,DE,43
Malik Jefferson,22,0,OLB,43
Ryan Finley,24,0,QB,43
Renell Wren,23,0,DT,43
Nick Vigil,25,4,OLB,43
Trey Hopkins,26,4,G,43
Carl Lawson,24,3,OLB,43
Michael Jordan,0,0,G,43
Josh Malone,23,3,WR,43
Andrew Billings,23,4,DT,43
Ryan Glasgow,25,3,DT,43
Davontae Harris,24,2,CB,43
Trayveon Williams,21,0,RB,43
Darius Phillips,24,2,CB,43
Deshaun Davis,0,0,LB,43
Rodney Anderson,0,0,RB,43
Jordan Brown,0,0,CB,43
Christian Westerman,26,4,G,43
Jordan Evans,24,3,OLB,43
Cody Core,25,4,WR,43
Mason Schreck,25,3,TE,43
Jeff Driskel,26,4,QB,43
Clayton Fejedelem,26,4,S,43
Clark Harris,34,11,LS,43
Damion Willis,0,0,WR,43
Jordan Ellis,0,0,RB,43
Stanley Morgan,0,0,WR,43
Jacob Dolegala,0,0,QB,43
Darrin Hall,0,0,RB,43
Noah Dawkins,0,0,LB,43
Curtis Akins,0,0,LB,43
Anthony Chesley,0,0,CB,43
O’Shea Dugas,0,0,T,43
Tyree Kinnel,0,0,S,43
Keaton Sutherland,0,0,T,43
Ventell Bryant,0,0,WR,43
Sterling Sheffield,0,0,LB,43
Trayvon Henderson,23,2,S,43
Auden Tate,22,2,WR,43
Chris Worley,23,1,LB,43
Quinton Flowers,24,1,RB,43
Cethan Carter,25,3,TE,43
Kerry Wynn,28,5,DT,43
Christian Ringo,27,4,DT,43
Keivarae Russell,25,4,CB,43
Demetrious Cox,25,2,S,43
Moritz Boehringer,25,1,WR,43
Levonte Whitfield,25,1,WR,43
Andrew Brown,23,1,DE,43
Brad Lundblade,23,1,C,43
Tristan Vizcaino,0,1,K,43
Hunter Sharp,25,1,WR,43
Javarius Leamon,26,1,T,43
Niles Scott,23,2,DT,43
Jordan Franks,23,2,TE,43
Kent Perkins,24,1,G,43
Hardy Nickerson Jr.,25,3,ILB,43
John Jerry,33,9,G,43
Tony McRae,26,3,CB,43
Alex Redmond,24,3,G,43
Brandon Wilson,24,3,S,43
Josh Tupou,25,3,DT,43
Justin Evans,23,1,T,43
Germaine Pratt,22,0,LB,43
Odell Beckham Jr.,26,6,WR,44
Olivier Vernon,28,8,OLB,44
Jarvis Landry,26,6,WR,44
Joel Bitonio,27,6,G,44
Christian Kirksey,26,6,ILB,44
Sheldon Richardson,28,7,DT,44
Chris Hubbard,28,6,RT,44
Baker Mayfield,24,2,QB,44
Travis Carrie,28,6,CB,44
Myles Garrett,23,3,DE,44
Denzel Ward,22,2,CB,44
J.C. Tretter,28,7,C,44
Duke Johnson,25,5,RB,44
Chris Smith,31,6,DE,44
Britton Colquitt,34,10,P,44
Terrance Mitchell,27,6,CB,44
David Njoku,22,3,TE,44
Damarious Randall,26,5,FS,44
Austin Corbett,23,2,G,44
Morgan Burnett,30,10,SS,44
Nick Chubb,23,2,RB,44
Greg Robinson,26,6,LT,44
Drew Stanton,35,12,QB,44
Greedy Williams,21,0,CB,44
Charley Hughlett,29,5,LS,44
Demetrius Harris,27,6,TE,44
Adarius Taylor,28,5,ILB,44
Kendall Lamm,27,5,RT,44
Chad Thomas,23,2,DE,44
Larry Ogunjobi,25,3,DT,44
Eric Kush,29,7,G,44
Sione Takitaki,0,0,LB,44
Sheldrick Redwine,22,0,S,44
Antonio Callaway,22,2,WR,44
Joe Schobert,25,4,ILB,44
Eric Murray,25,4,CB,44
Mack Wilson,21,0,LB,44
Austin Seibert,0,0,K,44
Genard Avery,24,2,ILB,44
Seth Devalve,26,4,TE,44
Drew Forbes,22,0,G,44
Damion Ratley,24,2,WR,44
Donnie Lewis,22,0,CB,44
Anthony Zettel,26,4,DE,44
Rashard Higgins,24,4,WR,44
Carl Davis,27,5,DT,44
David Blough,0,0,QB,44
Willie Wright,0,0,C,44
Wyatt Ray,0,0,DE,44
Jarrell Owens,0,0,DE,44
Jamie Gillan,0,0,P,44
Dedrick Young II,0,0,LB,44
J.T. Hassell,0,0,S,44
Brian Fineanganofo,0,0,T,44
DJ Montgomery,0,0,WR,44
Stephen Carlson,0,0,TE,44
Dorian Baker,0,0,WR,44
Anthony Stubbs,0,0,LB,44
Jermaine Ponder,0,0,CB,44
Damon Sheehy-Guiseppi,0,1,WR,44
Ishmael Hyman,0,1,WR,44
Jhavonte Dean,0,0,CB,44
Trayone Gray,0,0,RB,44
Willie Harvey Jr.,0,0,LB,44
D’Ernest Johnson,0,1,RB,44
Ka’John Armstrong,0,0,T,44
Derrick Willies,24,2,WR,44
Tavierre Thomas,23,2,S,44
Blake Jackson,25,1,WR,44
Ray-Ray Armstrong,28,7,ILB,44
Garrett Gilbert,28,2,QB,44
Lenzy Pipkins,25,3,CB,44
Brian Price,25,3,DT,44
Devaroe Lawrence,26,1,DT,44
Kyle Kalis,25,2,T,44
Kareem Hunt,23,3,RB,44
Brad Seaton,25,1,T,44
Robert Jackson,25,1,CB,44
Daniel Ekuale,25,1,DT,44
Tigie Sankoh,21,1,S,44
Pharaoh Brown,25,2,TE,44
Dontrell Hilliard,24,2,RB,44
Greg Joseph,24,2,K,44
Bryan Witzmann,29,5,G,44
Phillip Gaines,28,6,CB,44
Orson Charles,28,4,FB,44
Jaelen Strong,25,4,WR,44
Juston Burris,25,4,CB,44
Jermaine Whitehead,26,3,FS,44
Trevon Coley,24,3,DT,44
DeMarcus Lawrence,27,5,DE,45
Tyron Smith,28,8,LT,45
Zack Martin,28,5,G,45
Travis Frederick,28,6,C,45
Tyrone Crawford,29,7,DT,45
Ezekiel Elliott,23,3,RB,45
Amari Cooper,25,4,WR,45
La'el Collins,25,4,RT,45
Allen Hurns,27,5,WR,45
Leighton Vander Esch,22,0,LB,45
Taco Charlton,24,2,DE,45
Chris Jones,29,7,P,45
Byron Jones,26,4,CB,45
Robert Quinn,29,8,DE,45
Jeff Heath,28,6,SS,45
Cameron Fleming,26,5,T,45
Jaylon Smith,24,2,ILB,45
Connor Williams,22,0,G,45
Jamize Olawale,30,6,FB,45
Randall Cobb,28,8,WR,45
Trysten Hill,21,0,DT,45
Chidobe Awuzie,24,2,CB,45
Jason Witten,37,15,TE,45
Connor McGovern,26,0,C,45
Joe Thomas,28,3,ILB,45
Maliek Collins,24,3,DT,45
Michael Gallup,23,0,WR,45
Sean Lee,32,9,OLB,45
Jourdan Lewis,23,2,CB,45
Tony Pollard,22,0,RB,45
Dorance Armstrong,22,0,DE,45
Dalton Schultz,22,0,TE,45
Michael Jackson,22,0,CB,45
Joe Jackson,22,0,DE,45
Dak Prescott,25,3,QB,45
Mike White,24,0,QB,45
Donovan Wilson,22,0,S,45
Mike Weber,21,0,RB,45
Chris Covington,23,0,OLB,45
Jalen Jelks,22,0,OLB,45
Cedrick Wilson,23,0,WR,45
Xavier Woods,23,2,S,45
Christian Covington,25,4,DT,45
Anthony Brown,25,3,CB,45
Noah Brown,23,2,WR,45
Kavon Frazier,24,3,S,45
Joe Looney,28,6,G,45
Chris Westry,0,0,CB,45
Brandon Knight,0,0,T,45
Luke Gifford,0,0,LB,45
Mitch Hyatt,0,0,T,45
Jalen Guyton,0,0,WR,45
Daniel Wise,0,0,DT,45
Larry Allen Jr.,0,0,G,45
Andrew Dowell,0,0,LB,45
Nate Hall,0,0,LB,45
Jon’Vea Johnson,0,0,WR,45
Derrick Puni,0,0,T,45
Ricky Walker,0,0,DE,45
Jake Campos,0,0,T,45
Tavon Austin,28,6,WR,45
Rico Gathers,25,2,TE,45
Blake Jarwin,24,2,TE,45
Cooper Rush,25,2,QB,45
Xavier Su'a-Filo,28,5,G,45
Devin Smith,27,3,WR,45
Cody Wichmann,27,3,G,45
C.J. Goodwin,29,3,S,45
Treston Decoud,25,2,S,45
Lance Lenoir,24,1,WR,45
Darius Jackson,25,3,RB,45
Kasey Redfern,27,1,P,45
Shakir Soto,25,0,DE,45
Reggie Davis,23,1,WR,45
Jordan Chunn,24,0,RB,45
Kyle Queiro,24,0,LB,45
Donovan Olumba,23,0,CB,45
Codey McElroy,26,0,TE,45
Brett Maher,29,1,K,45
Jameill Showers,27,1,QB,45
Antwaun Woods,26,1,DT,45
Adam Redmond,26,1,G,45
Korren Kirven,24,1,T,45
Randy Gregory,26,2,OLB,45
L.P. Ladouceur,38,14,LS,45
George Iloka,29,6,FS,45
Kerry Hyder,28,3,DT,45
Justin March,25,4,OLB,45
Darian Thompson,25,3,FS,45
Daniel Ross,26,2,DT,45
Ryan Yurachek,22,0,FB,45
Von Miller,30,8,OLB,46
Joe Flacco,34,11,QB,46
Ja'Wuan James,27,5,RT,46
Derek Wolfe,29,7,DE,46
Ron Leary,30,7,G,46
Kareem Jackson,31,9,CB,46
Emmanuel Sanders,32,9,WR,46
Bradley Chubb,23,0,DE,46
Bryce Callahan,27,4,CB,46
Todd Davis,27,5,ILB,46
Noah Fant,21,0,TE,46
Chris Harris,30,8,CB,46
Brandon McManus,27,5,K,46
Garett Bolles,27,2,LT,46
Jeff Heuerman,26,4,TE,46
Courtland Sutton,23,0,WR,46
Dekoda Watson,31,9,OLB,46
DeMarcus Walker,24,2,DE,46
Zach Kerr,28,5,DT,46
Su'a Cravens,23,2,S,46
Dre'Mont Jones,22,0,DE,46
Royce Freeman,23,0,RB,46
Adam Gotsis,26,3,DE,46
Isaac Yiadom,23,0,CB,46
Josey Jewell,24,0,ILB,46
Daesean Hamilton,24,0,WR,46
Shelby Harris,27,4,DT,46
Justin Simmons,25,3,FS,46
Justin Hollins,0,0,DE,46
Troy Fumagalli,24,0,TE,46
Devontae Booker,27,3,RB,46
Jake Butt,23,1,TE,46
Juwann Winfree,22,0,WR,46
Sam Jones,23,0,C,46
Connor McGovern,26,3,C,46
Keishawn Bierria,22,0,ILB,46
Andy Janovich,26,3,FB,46
Will Parks,24,3,S,46
Alijah Holder,0,0,CB,46
Malik Reed,0,0,OLB,46
Brett Rypien,0,0,QB,46
Joe Dineen,0,0,LB,46
Trinity Benson,0,0,WR,46
Josh Watson,0,0,LB,46
Devontae Jackson,0,0,RB,46
John Leglue,0,0,G,46
Kelvin McKnight,0,0,WR,46
Austin Fort,24,0,TE,46
Quinn Bailey,0,0,T,46
Romell Guerrier,0,0,WR,46
Ahmad Gooden,0,0,DE,46
George Aston,0,0,FB,46
Ryan Crozier,0,0,G,46
Nathan Jacobson,0,0,T,46
Deyon Sizer,0,0,DT,46
Phillip Lindsay,24,0,RB,46
Colby Wadman,0,0,P,46
Jamal Carter,25,2,SS,46
Aaron Wallace,25,3,OLB,46
Kevin Hogan,26,3,QB,46
A.J. Johnson,27,0,LB,46
Brendan Langley,24,2,CB,46
Khalfani Muhammad,24,0,RB,46
Horace Richardson,25,1,CB,46
Fred Brown,25,1,WR,46
Austin Schlottmann,23,0,G,46
Linden Stephens,24,0,S,46
River Cracraft,24,1,WR,46
Jeff Holland,23,0,LB,46
Trey Marshall,23,0,S,46
NIco Falah,24,0,C,46
Casey Kreiter,28,3,LS,46
Billy Winn,30,5,DE,46
Don Barclay,30,7,RT,46
Shamarko Thomas,28,6,SS,46
Chaz Green,27,4,T,46
Jake Brendel,26,3,C,46
DeVante Bausby,26,2,CB,46
Mike Purcell,28,3,DT,46
Joe Jones,25,2,OLB,46
Dymonte Thomas,25,2,S,46
Elijah Wilkinson,24,2,G,46
DeShawn Williams,26,2,DT,46
Aaron Burbridge,25,3,WR,46
Tim Patrick,25,2,WR,46
Jake Rodgers,27,1,T,46
Taylor Bertolet,26,1,K,46
Bug Howard,24,1,WR,46
Trey Johnson,24,0,CB,46
Dalton Risner,23,0,T,46
Drew Lock,22,0,QB,46
Matthew Stafford,31,10,QB,47
Trey Flowers,25,4,DE,47
Darius Slay,28,6,CB,47
Ricky Wagner,29,6,RT,47
Damon Harrison,30,7,DT,47
Marvin Jones,29,7,WR,47
Justin Coleman,26,4,CB,47
Jesse James,25,4,TE,47
T.J. Hockenson,21,0,TE,47
Quandre Diggs,26,4,SS,47
Devon Kennard,28,5,OLB,47
Sam Martin,29,6,P,47
Frank Ragnow,23,0,G,47
Theo Riddick,28,6,RB,47
Matt Prater,34,12,K,47
Jarrad Davis,24,2,ILB,47
Taylor Decker,24,3,LT,47
Tavon Wilson,29,7,SS,47
Jahlani Tavai,22,0,LB,47
Romeo Okwara,24,3,DE,47
Kerryon Johnson,22,0,RB,47
Christian Jones,28,5,ILB,47
A'Shawn Robinson,24,3,DT,47
Kenny Wiggins,30,5,G,47
Jalen Tabor,23,2,CB,47
Danny Amendola,33,10,WR,47
Tracy Walker,24,0,S,47
Will Harris,0,0,S,47
Austin Bryant,22,0,DE,47
Kenny Golladay,25,2,WR,47
Da'shawn Hand,23,0,DE,47
Graham Glasgow,26,3,G,47
Jalen Reeves-Maybin,24,2,OLB,47
Miles Killebrew,26,3,S,47
Amani Oruwariye,23,0,CB,47
Tyrell Crosby,23,0,G,47
Travis Fulgham,0,0,WR,47
Ty Johnson,0,0,RB,47
Jamal Agnew,24,2,CB,47
Isaac Nauta,22,0,TE,47
P.J. Johnson,23,0,DT,47
Joe Dahl,26,3,G,47
Nick Bawden,23,0,FB,47
Rashaan Melvin,29,6,CB,47
Ryan Pope,0,0,T,47
Malik Carney,0,0,DE,47
Beau Benzschawel,0,0,G,47
Ray Smith,0,0,DT,47
Tre Lemar,0,0,LB,47
Jon Duhart,0,0,WR,47
Matt Nelson,0,0,DT,47
Anthony Pittman,0,0,LB,47
Micah St. Andrew,0,0,G,47
Kevin Strong,0,0,DT,47
Tom Kennedy,0,0,WR,47
C.J. Moore,0,0,S,47
Brandon Powell,22,0,WR,47
Chris Lacy,23,0,WR,47
Josh Fatu,23,0,DT,47
John Atkins,26,0,DT,47
Andre Chachere,23,0,CB,47
C.J. Anderson,28,6,RB,47
Jermaine Kearse,29,7,WR,47
Jerome Cunningham,28,2,TE,47
Eric Lee,24,2,DE,47
Oday Aboushi,28,6,G,47
Brandon Reilly,25,1,WR,47
Andy Jones,25,1,WR,47
Don Muhlbach,37,15,LS,47
Garret Dooley,24,0,LB,47
Jonathan Wynn,23,0,DE,47
Mark Thompson,24,0,RB,47
Ryan Santoso,23,0,K,47
Deontez Alexander,0,0,WR,47
Leo Koloamatangi,25,1,T,47
Dee Virgin,25,1,CB,47
Michael Ford,23,0,CB,47
Tommylee Lewis,26,3,WR,47
Andrew Adams,26,0,S,47
Marcus Cooper,29,6,CB,47
Logan Thomas,28,4,TE,47
Tom Savage,29,5,QB,47
Andrew Donnal,27,4,G,47
David Fales,28,4,QB,47
Luke Bowanko,28,5,C,47
Darius Kilgo,27,3,DT,47
Charles Washington,26,2,CB,47
Mitchell Loewen,26,2,TE,47
Steve Longa,24,2,OLB,47
Zach Zenner,27,4,RB,47
 ,0,0,,47
Aaron Rodgers,35,14,QB,48
Za'Darius Smith,26,4,OLB,48
Davante Adams,26,5,WR,48
Preston Smith,26,4,OLB,48
David Bakhtiari,27,6,LT,48
Mike Daniels,30,7,DE,48
Adrian Amos,26,4,FS,48
Bryan Bulaga,30,9,RT,48
Jimmy Graham,32,9,TE,48
Billy Turner,27,5,G,48
Corey Linsley,27,5,C,48
Lane Taylor,29,6,G,48
Mason Crosby,34,12,K,48
Rashan Gary,21,0,DE,48
Darnell Savage,21,0,S,48
Jaire Alexander,22,0,CB,48
Tramon Williams,36,12,CB,48
Kenny Clark,23,3,DT,48
Kevin King,24,2,CB,48
Elgton Jenkins,23,0,C,48
Josh Jackson,23,0,CB,48
Jason Spriggs,25,3,T,48
DeShone Kizer,23,2,QB,48
Josh Jones,24,2,S,48
Jace Sternberger,23,0,TE,48
Oren Burks,24,0,ILB,48
Montravius Adams,23,2,DT,48
Kyler Fackrell,27,3,OLB,48
Jamaal Williams,24,2,RB,48
J'Mon Moore,24,0,WR,48
Kinsley Keke,22,0,DT,48
Geronimo Allison,25,3,WR,48
Cole Madison,24,0,G,48
Natrell Jamerson,23,0,S,48
Blake Martinez,25,3,ILB,48
Dean Lowry,25,3,DE,48
Ka'dar Hollman,0,0,CB,48
Dexter Williams,0,0,RB,48
JK Scott,22,0,P,48
Marquez Valdes-Scantling,24,0,WR,48
Ty Summers,0,0,LB,48
Aaron Jones,24,2,RB,48
Equanimeous St. Brown,22,0,WR,48
Trevor Davis,25,3,WR,48
Hunter Bradley,25,0,LS,48
Marcedes Lewis,35,13,TE,48
Greg Roberts,0,0,DE,48
Randy Ramsey,0,0,OLB,48
Manny Wilkins,0,0,QB,48
Davis Koppenhaver,0,0,TE,48
Curtis Bolton,0,0,LB,48
Javien Hamilton,0,0,CB,48
Kabion Ento,0,0,WR,48
Nydair Rouse,0,0,CB,48
Larry Williams,0,0,G,48
Yosh Nijman,0,0,T,48
Darrius Shepherd,0,0,WR,48
Tim Boyle,24,0,QB,48
Raven Greene,24,0,S,48
Alex Light,23,0,G,48
James Crawford,24,0,LB,48
Malcolm Johnson,26,3,FB,48
Deon Simon,28,2,DT,48
Adam Pankey,25,2,T,48
Chandon Sullivan,22,0,CB,48
Dan Vitale,24,3,FB,48
Michael Tyson,25,1,CB,48
Eric Cotton,0,0,DE,48
Will Redmond,25,3,CB,48
Tra Carson,26,2,RB,48
James Looney,24,0,DT,48
Kendall Donnerson,23,0,OLB,48
Tony Brown,22,0,CB,48
Allen Lazard,23,0,WR,48
Tyler Lancaster,24,0,DT,48
Jawill Davis,24,0,WR,48
Justin McCray,27,2,G,48
Lucas Patrick,25,2,G,48
Jake Kumerow,27,1,WR,48
Reggie Gilbert,26,1,DE,48
Robert Tonyan Jr.,25,1,TE,48
Fadol Brown,26,1,DE,48
Sam Ficken,26,1,K,48
Evan Baylis,25,1,TE,48
Brady Sheldon,26,1,OLB,48
Tray Matthews,24,0,S,48
Gerhard de Beer,24,0,T,48
Teo Redding,24,0,WR,48
Anthony Coyle,22,0,G,48
Pharoah McKever,25,0,TE,48
J.J. Watt,30,8,DE,49
DeAndre Hopkins,27,6,WR,49
Benardrick McKinney,26,4,ILB,49
Aaron Colvin,27,5,CB,49
Zach Fulton,27,5,G,49
Whitney Mercilus,28,7,OLB,49
Lamar Miller,28,7,RB,49
Tashaun Gipson,28,7,FS,49
Jadeveon Clowney,26,4,OLB,49
Deshaun Watson,23,2,QB,49
Tytus Howard,23,0,T,49
Senio Kelemete,29,6,G,49
Angelo Blackson,26,4,DT,49
Will Fuller,25,3,WR,49
Johnathan Joseph,35,13,CB,49
Bradley Roby,27,5,CB,49
Matt Kalil,29,7,LT,49
Johnson Bademosi,28,7,CB,49
Greg Mancz,27,4,C,49
Lonnie Johnson,22,0,CB,49
Max Scharping,22,0,T,49
Nick Martin,25,3,C,49
Seantrel Henderson,27,5,RT,49
Zach Cunningham,24,2,ILB,49
Justin Reid,22,0,S,49
Jon Weeks,33,9,LS,49
Kahale Warring,22,0,TE,49
Martinas Rankin,24,0,C,49
Jordan Akins,27,0,TE,49
D'Onta Foreman,23,2,RB,49
Keke Coutee,22,0,WR,49
Ka'imi Fairbairn,25,3,K,49
A.J. McCarron,28,4,QB,49
Julie'n Davenport,24,2,LT,49
Carlos Watkins,25,2,DT,49
Charles Omenihu,0,0,DE,49
Xavier Crawford,23,0,CB,49
Duke Ejofor,24,0,DE,49
Cullen Gillaspia,24,0,RB,49
Jordan Thomas,22,0,TE,49
Peter Kalambayi,24,0,DE,49
Jermaine Kelly,24,0,CB,49
D.J. Reader,25,3,DT,49
Tyrell Adams,27,3,OLB,49
Brandon Dunn,26,3,DT,49
Brennan Scarlett,25,3,OLB,49
Damarea Crockett,0,0,RB,49
Johnnie Dixon,0,0,WR,49
Drew Lewis,0,0,DT,49
Chris Johnson,0,0,S,49
Walter Palmore,0,0,DT,49
Malcolm Pridgeon,0,0,T,49
D.J. Coker,0,0,C,49
Jamal Davis,0,0,OLB,49
Tyron Johnson,0,0,WR,49
Karan Higdon,0,0,RB,49
Albert Huggins,0,0,DT,49
Jesse Aniebonam,0,0,OLB,49
Derrick Baity,0,0,CB,49
Javier Edwards,0,0,DT,49
Austin Exford,0,0,S,49
Johnny Dwight,0,0,DE,49
Ira Lewis,0,0,DT,49
Stephen Louis,0,0,WR,49
Floyd Allen,0,0,WR,49
Vyncint Smith,23,0,WR,49
Trevor Daniel,24,0,P,49
Steven Mitchell,25,0,WR,49
Buddy Howell,23,0,RB,49
A.J. Moore,23,0,S,49
Dylan Cole,25,2,ILB,49
Joel Heath,26,3,DT,49
Darren Fells,33,5,TE,49
Jerell Adams,26,3,TE,49
Josh Ferguson,26,3,RB,49
Chris Landrum,26,3,OLB,49
Isaac Whitney,25,1,WR,49
Maurquice Shakir,25,2,G,49
Jahleel Addae,29,6,SS,49
A.J. Hendy,26,1,S,49
Rick Leonard,22,0,T,49
David Steinmetz,24,0,G,49
Davin Bellamy,24,0,LB,49
Jester Weah,24,0,WR,49
Roderick Johnson,23,2,T,49
Deante Burton,24,1,WR,49
Joe Webb,32,9,QB,49
Taiwan Jones,30,8,RB,49
Briean Boddy-Calhoun,26,3,S,49
Xavier Woodson-Luster,23,2,ILB,49
Deandre Carter,26,1,WR,49
Andrew Luck,29,7,QB,50
T.Y. Hilton,29,7,WR,50
Anthony Castonzo,30,8,LT,50
Jabaal Sheard,30,8,OLB,50
Justin Houston,30,8,DE,50
Quenton Nelson,23,0,G,50
Pierre Desir,28,5,CB,50
Jack Doyle,29,6,TE,50
Denico Autry,28,5,DE,50
Mark Glowinski,27,4,G,50
Eric Ebron,26,5,TE,50
Malik Hooker,23,2,S,50
Rigoberto Sanchez,24,2,P,50
Ryan Kelly,26,3,C,50
Devin Funchess,25,4,WR,50
Margus Hunt,31,6,DT,50
Rock Ya-Sin,23,0,CB,50
Darius Leonard,23,0,LB,50
Braden Smith,23,0,G,50
Ben Banogu,23,0,DE,50
Quincy Wilson,23,2,CB,50
Kemoko Turay,23,0,DE,50
Luke Rhodes,26,1,ILB,50
Parris Campbell,21,0,WR,50
Tyquan Lewis,24,0,DE,50
Adam Vinatieri,46,23,K,50
Bobby Okereke,22,0,LB,50
Jacoby Brissett,26,3,QB,50
Khari Willis,23,0,S,50
Nyheim Hines,22,0,RB,50
Le'Raven Clark,26,3,RT,50
Chester Rogers,25,3,WR,50
Marvell Tell,22,0,S,50
Derrick Kindred,25,3,S,50
Marlon Mack,23,2,RB,50
Grover Stewart,25,2,DT,50
E.J. Speed,0,0,LB,50
Clayton Geathers,27,4,FS,50
Jordan Wilkins,24,0,RB,50
Gerri Green,23,0,DE,50
Nate Hairston,25,2,CB,50
Anthony Walker Jr.,23,2,ILB,50
Deon Cain,22,0,WR,50
Jackson Barton,23,0,T,50
Javon Patterson,21,0,C,50
Joe Haeg,26,3,G,50
Matthew Adams,23,0,OLB,50
Zaire Franklin,22,0,OLB,50
Evan Boehm,25,3,G,50
Matthias Farley,26,3,SS,50
Al-Quadin Muhammad,24,2,DE,50
Jegs Jegede,0,0,DE,50
Penny Hart,0,0,WR,50
Ashton Dulin,0,0,WR,50
Hale Hentges,0,0,TE,50
Cole Hedlund,24,0,K,50
Sterling Shippy,0,0,DT,50
Tre Thomas,0,0,LB,50
Shakial Taylor,0,0,CB,50
George Odum,25,0,S,50
Chris Milton,26,3,CB,50
Josh Andrews,28,3,G,50
Jihad Ward,25,3,DE,50
Jonathan Williams,25,3,RB,50
Spencer Ware,27,5,RB,50
William Poehls,27,2,G,50
Carroll Phillips,26,1,OLB,50
Antonio Garcia,25,1,T,50
Krishawn Hogan,24,2,WR,50
Phillip Walker,24,1,QB,50
Billy Brown,26,1,TE,50
Steve Ishmael,23,0,WR,50
Jordan Veasy,24,0,WR,50
Rolan Milligan,24,0,S,50
Mo Alie-Cox,25,1,TE,50
Ahmad Thomas,24,1,S,50
Daurice Fountain,23,0,WR,50
Skai Moore,24,0,LB,50
J'Marcus Webb,30,6,RT,50
Caraun Reid,27,4,DT,50
Obum Gwacham,28,4,DE,50
Gabe Holmes,28,3,TE,50
Isaiah Johnson,27,2,FS,50
Jalen Collins,26,3,CB,50
Ross Travis,26,3,TE,50
Dadi Nicolas,26,3,OLB,50
Marcus Johnson,24,2,WR,50
Nico Siragusa,25,2,G,50
Chad Kelly,25,1,QB,50
Jake Eldrenkamp,25,1,G,50
Kenny Moore,23,2,CB,50
Nick Foles,30,7,QB,51
A.J. Bouye,27,6,CB,51
Andrew Norwell,27,5,G,51
Calais Campbell,32,11,DE,51
Brandon Linder,27,5,C,51
Telvin Smith,28,5,OLB,51
Marqise Lee,27,5,WR,51
Marcell Dareus,29,8,DT,51
Leonard Fournette,24,2,RB,51
Jalen Ramsey,24,3,CB,51
Josh Allen,23,0,DE,51
D.J. Hayden,29,6,CB,51
Abry Jones,27,6,DT,51
Josh Lambo,28,4,K,51
A.J. Cann,27,4,G,51
Taven Bryan,23,0,DT,51
Jawaan Taylor,21,0,RT,51
Jake Ryan,27,4,ILB,51
Jarrod Wilson,25,3,S,51
Cam Robinson,23,2,LT,51
Geoff Swaim,25,4,TE,51
Myles Jack,23,3,ILB,51
Lerentee McCray,28,6,OLB,51
Cody Davis,30,6,FS,51
Chris Conley,26,4,WR,51
DJ Chark,22,0,WR,51
Josh Oliver,22,0,TE,51
Dawuane Smoot,24,2,DE,51
Quincy Williams,22,0,LB,51
Yannick Ngakoue,24,3,DE,51
Ronnie Harrison,22,0,S,51
Dede Westbrook,25,1,WR,51
Will Richardson,23,0,T,51
Ryquell Armstead,0,0,RB,51
Gardner Minshew,23,0,QB,51
Dontavius Russell,23,0,DT,51
Leon Jacobs,23,0,OLB,51
Logan Cooke,23,0,P,51
James O'Shaughnessy,27,4,TE,51
Cody Brown,0,0,S,51
Joe Giles-Harris,0,0,LB,51
Saivion Smith,0,0,CB,51
Michael Walker,0,0,WR,51
Bunchy Stallings,0,0,G,51
Donnell Greene,0,0,T,51
Zedrick Woods,0,0,S,51
Brandon Watson,0,0,RB,51
Tyre Brady,0,0,WR,51
Michael Colubiale,0,0,WR,51
Tae Hayes,0,0,CB,51
Raphael Leonard,0,0,WR,51
Picasso Nelson,0,0,CB,51
Dredrick Snelson,0,0,WR,51
Marquez Stanford,0,0,CB,51
Connor Strachan,0,0,LB,51
Andrew Williams,0,0,DT,51
Andrew Wingard,0,0,S,51
Jordan Agasiva,0,0,G,51
Charles Jones,0,0,TE,51
Jocquez Kalili,0,0,CB,51
Joshua Moon,0,0,S,51
Taj McGowan,0,0,RB,51
Kalani Vakameilalo,0,0,WR,51
Tre Herndon,23,0,CB,51
Michael Hughes,23,0,DT,51
Quenton Meeks,23,0,CB,51
C.J. Reavis,23,0,S,51
Keelan Cole,26,2,WR,51
Eli Ankou,25,2,DT,51
Ben Koyack,26,3,TE,51
Alex McGough,23,0,QB,51
Brandon Thomas,28,3,G,51
James Onwualu,24,2,OLB,51
K.C. McDermott,23,0,T,51
C.J. Board,25,1,WR,51
Tyler Shatley,28,4,G,51
Matt Overton,33,5,LS,51
Terrelle Pryor,30,6,WR,51
Benny Cunningham,28,6,RB,51
Alfred Blue,28,5,RB,51
Josh Wells,28,4,RT,51
Cedric Ogbuehi,27,4,LT,51
Thomas Rawls,25,4,RB,51
Najee Goode,30,7,OLB,51
Datone Jones,28,6,DT,51
Ramik Wilson,26,4,ILB,51
D.J. Alexander,27,4,ILB,51
Tre McBride,26,4,WR,51
Leonard Wester,26,3,T,51
Breon Borders,23,1,CB,51
Tanner Lee,24,0,QB,51
Frank Clark,26,4,DE,52
Eric Fisher,28,6,LT,52
Sammy Watkins,26,5,WR,52
Travis Kelce,29,6,TE,52
Anthony Hitchens,27,5,ILB,52
Laurent Duvernay-Tardif,28,5,G,52
Tyrann Mathieu,27,6,FS,52
Harrison Butker,23,2,K,52
Alex Okafor,28,6,DE,52
Patrick Mahomes,23,2,QB,52
Daniel Sorensen,29,5,SS,52
Mitchell Schwartz,30,7,RT,52
Darron Lee,24,3,ILB,52
Cameron Erving,26,4,G,52
Dustin Colquitt,37,14,P,52
Chad Henne,33,11,QB,52
Emmanuel Ogbah,25,3,DE,52
Chris Jones,24,3,DE,52
Breeland Speaks,23,0,LB,52
Reggie Ragland,25,3,ILB,52
Damien Wilson,26,4,OLB,52
Damien Williams,27,5,RB,52
Xavier Williams,27,4,DT,52
Mecole Hardman,21,0,WR,52
Juan Thornhill,22,0,S,52
Austin Reiter,27,3,C,52
James Winchester,29,4,LS,52
Tanoh Kpassagnon,25,2,DE,52
Derrick Nnadi,23,0,DT,52
Khalen Saunders,22,0,DT,52
Dorian O'Daniel,24,0,OLB,52
Kendall Fuller,24,3,CB,52
Armani Watts,23,0,S,52
Demarcus Robinson,24,3,WR,52
Carlos Hyde,27,5,RB,52
Rashad Fenton,22,0,CB,52
Darwin Thompson,23,0,RB,52
Nick Allegretti,23,0,G,52
Tremon Smith,22,0,CB,52
Kahlil McKenzie,22,0,G,52
Tyreek Hill,25,3,WR,52
Jordan Lucas,25,3,S,52
Bashaud Breeland,27,4,CB,52
Darius Harris,0,0,OLB,52
Jack Fox,0,0,P,52
Kyle Shurmur,0,0,QB,52
Cody Thompson,0,0,WR,52
Tim Ward,0,0,DE,52
John Lovett,0,0,TE,52
Jalin Burrell,0,0,CB,52
Mark Fields,0,0,CB,52
Dino Boyd,0,0,T,52
Jamal Custis,0,0,WR,52
Felton Davis,0,0,WR,52
Dakari Monroe,0,0,S,52
Andrew Soroh,23,0,S,52
Herb Miller,21,0,S,52
Marcus Marshall,0,0,RB,52
Joe Fortson,0,0,TE,52
Abdul Beecham,22,0,G,52
Josh Caldwell,0,0,RB,52
Darrel Williams,24,0,RB,52
Byron Pringle,25,0,WR,52
Ben Niemann,23,0,LB,52
Charvarius Ward,24,0,CB,52
Gehrig Dieter,26,1,WR,52
Andrew Wylie,24,1,T,52
Zack Golditch,24,0,G,52
Deon Yelder,24,0,TE,52
Jimmy Murray,24,0,C,52
Anthony Sherman,30,8,FB,52
Justin Hamilton,25,2,DT,52
Jeremiah Attaochu,26,5,OLB,52
Blake Bell,27,4,TE,52
Keith Reaser,27,3,CB,52
Neal Sterling,27,4,TE,52
Harold Jones-Quartey,25,2,SS,52
Pace Murphy,25,2,T,52
Marcus Kemp,23,1,WR,52
D’Juan Hines,24,0,LB,52
Davon Grayson,23,0,WR,52
Joey Ivie,24,1,DT,52
Rashard Davis,23,1,WR,52
David Wells,24,0,TE,52
Cavon Walker,24,0,DE,52
Nick Keizer,24,0,TE,52
Raymond Davison,24,0,LB,52
Ryan Hunter,24,0,T,52
Chase Litton,23,0,QB,52
D’Montre Wade,24,0,S,52
Robert McCray,23,0,LB,52
Chidi Okeke,0,0,T,52
Philip Rivers,37,15,QB,53
Melvin Ingram,30,7,OLB,53
Russell Okung,31,9,LT,53
Keenan Allen,27,6,WR,53
Casey Hayward,29,7,CB,53
Joey Bosa,23,3,DE,53
Mike Williams,24,2,WR,53
Mike Pouncey,29,8,C,53
Derwin James,22,0,S,53
Denzel Perryman,25,4,ILB,53
Jerry Tillery,22,0,DT,53
Tyrod Taylor,29,8,QB,53
Melvin Gordon,26,4,RB,53
Brandon Mebane,34,12,DT,53
Thomas Davis,36,14,OLB,53
Virgil Green,30,8,TE,53
Travis Benjamin,29,7,WR,53
Forrest Lamp,25,2,G,53
Hunter Henry,24,3,TE,53
Uchenna Nwosu,22,0,LB,53
Michael Schofield,28,5,G,53
Nasir Adderley,22,0,S,53
Mike Windt,33,9,LS,53
Dan Feeney,25,2,G,53
Justin Jones,23,0,DT,53
Trey Pipkins,22,0,T,53
Drue Tranquill,23,0,LB,53
Kyzir White,23,0,OLB,53
Rayshawn Jenkins,25,2,S,53
Nick Dzubnar,27,4,ILB,53
Easton Stick,0,0,QB,53
Scott Quessenberry,24,0,C,53
Desmond King,24,2,CB,53
Emeke Egbule,0,0,LB,53
Cortez Broughton,0,0,DT,53
Sam Tevi,24,2,T,53
Jatavis Brown,25,3,ILB,53
Derek Watt,26,3,FB,53
Trevor Williams,25,3,CB,53
Adrian Phillips,27,4,FS,53
Cole Mazza,0,0,LS,53
Chris Brown,0,0,G,53
Blake Camper,0,0,T,53
Josh Corcoran,0,0,LB,53
Jeremy Cox,0,0,RB,53
Kemon Hall,0,0,CB,53
Daniel Helm,0,0,TE,53
Reggie Howard,0,0,DT,53
Bradford Lemmons,0,0,CB,53
Jason Moore,0,0,WR,53
Tyler Newsome,0,0,P,53
Chris Peace,0,0,DE,53
Rodney Randle,0,0,S,53
Matt Sokol,0,0,TE,53
Roderic Teamer,0,0,S,53
Tanner Volson,0,0,C,53
Elijah Zeise,0,0,LB,53
Fred Trevillion,0,0,WR,53
Brandon Facyson,24,0,CB,53
Justin Jackson,24,0,RB,53
Detrez Newsome,25,0,RB,53
Michael Badgley,23,0,K,53
Sean Culkin,26,2,TE,53
Austin Ekeler,24,2,RB,53
Michael Davis,24,2,CB,53
T.Y. McGill,26,4,DT,53
Marcus Hardison,27,3,DT,53
Anthony Lanier,26,3,DE,53
Andrew Vollert,24,0,TE,53
Jeff Richards,28,1,CB,53
Dylan Cantrell,25,0,WR,53
Trenton Scott,25,0,G,53
Kyle Wilson,23,0,LB,53
Jaylen Watkins,26,4,S,53
Geremy Davis,27,4,WR,53
Vince Mayle,28,3,WR,53
Cardale Jones,26,3,QB,53
Spencer Drango,26,3,G,53
Cole Toner,25,2,G,53
Troymaine Pope,25,2,RB,53
Isaac Rochell,24,2,DT,53
Tre'Von Johnson,24,1,OLB,53
Ty Long,26,0,P,53
Andre Patton,25,1,WR,53
Artavis Scott,24,1,WR,53
Justice Liggins,24,0,WR,53
Brant Weiss,24,0,G,53
Arrion Springs,23,0,S,53
Patrick Afriyie,22,0,DE,53
Adarius Pickett,0,0,S,53
Damion Square,30,6,DT,53
Aaron Donald,28,5,DT,54
Brandin Cooks,25,5,WR,54
Todd Gurley,24,4,RB,54
Aqib Talib,33,11,CB,54
Robert Woods,27,6,WR,54
Andrew Whitworth,37,13,LT,54
Michael Brockers,28,7,DT,54
Rob Havenstein,27,4,RT,54
Jared Goff,24,3,QB,54
Johnny Hekker,29,7,P,54
Nickell Robey-Coleman,27,6,CB,54
Dante Fowler Jr.,24,4,DE,54
Eric Weddle,34,12,FS,54
Marcus Peters,26,4,CB,54
Clay Matthews,33,10,OLB,54
Greg Zuerlein,31,7,K,54
Gerald Everett,25,2,TE,54
Troy Hill,27,3,CB,54
Taylor Rapp,21,0,S,54
Darrell Henderson,21,0,RB,54
Cooper Kupp,26,2,WR,54
David Long,21,0,CB,54
Jake McQuaide,31,8,LS,54
Bobby Evans,0,0,T,54
Joseph Noteboom,24,0,T,54
Malcolm Brown,26,3,RB,54
John Johnson,24,2,SS,54
Brian Allen,25,0,C,54
Greg Gaines,0,0,DT,54
Cory Littleton,25,3,ILB,54
Josh Reynolds,24,2,WR,54
Samson Ebukam,24,2,OLB,54
Tyler Higbee,26,3,TE,54
John Franklin-Myers,22,0,DE,54
David Edwards,0,0,T,54
Micah Kiser,24,0,ILB,54
Ogbonnia Okoronkwo,24,0,DE,54
John Kelly,22,0,RB,54
Sebastian Joseph,24,0,DT,54
Nick Scott,24,0,S,54
Dakota Allen,0,0,LB,54
Tanzel Smart,24,2,DT,54
Marqui Christian,24,3,S,54
Justin Lawler,24,0,DE,54
Mike Thomas,24,3,WR,54
Austin Blythe,27,3,G,54
Johnathan Lloyd,0,0,WR,54
Romello Brooker,0,0,TE,54
Keenen Brown,0,0,TE,54
Brandon Hitner,0,0,T,54
Kendall Blanton,0,0,TE,54
Alex Bachman,0,0,WR,54
Chandler Brewer,0,0,G,54
Matthew Colburn,0,0,RB,54
Marquise Copeland,0,0,DT,54
Landis Durham,0,0,LB,54
Vitas Hrynkiewicz,0,0,C,54
Natrez Patrick,0,0,LB,54
Troy Reeder,0,0,LB,54
Nsimba Webster,0,0,WR,54
Jake Gervase,0,0,S,54
Jalen Greene,0,0,WR,54
Bryant Jones,0,0,DT,54
Matt Kaskey,0,0,T,54
Boogie Roberts,0,0,DT,54
Ketner Kupp,0,0,LB,54
Jamil Demby,23,0,G,54
Trevon Young,24,0,DE,54
Darious Williams,26,0,S,54
Justin Davis,23,2,RB,54
Travin Howard,23,0,OLB,54
Austin Proehl,23,0,WR,54
Steven Parker,23,0,S,54
Ramon Richards,23,0,SS,54
Johnny Mundt,24,1,TE,54
Blake Bortles,27,5,QB,54
Bryce Hager,27,4,ILB,54
Brandon Allen,26,3,QB,54
Donte Deayon,25,2,S,54
Morgan Fox,24,3,DE,54
Jojo Natson,25,2,WR,54
Dominique Hatfield,24,2,CB,54
Aaron Neary,26,1,C,54
Kevin Peterson,25,2,CB,54
Josh Carraway,25,2,OLB,54
Khadarel Hodge,24,0,WR,54
Jeremiah Kolone,24,0,G,54
John Wolford,23,0,QB,54
Xavien Howard,25,3,CB,55
Reshad Jones,31,9,SS,55
Kenny Stills,27,6,WR,55
Kiko Alonso,28,6,OLB,55
Bobby McCain,25,4,CB,55
T.J. McDonald,28,6,FS,55
Albert Wilson,26,5,WR,55
Josh Rosen,22,0,QB,55
Minkah Fitzpatrick,22,0,S,55
Christian Wilkins,23,0,DT,55
Laremy Tunsil,24,3,LT,55
Daniel Kilgore,31,8,C,55
Ryan Fitzpatrick,36,14,QB,55
Charles Harris,24,2,DE,55
DeVante Parker,26,4,WR,55
Akeem Spence,27,6,DT,55
Mike Gesicki,23,0,TE,55
Dwayne Allen,29,7,TE,55
Raekwon McMillan,22,2,ILB,55
Michael Deiter,0,0,G,55
Jerome Baker,22,0,OLB,55
Eric Rowe,26,4,CB,55
Kenyan Drake,25,3,RB,55
Cordrea Tankersley,25,2,CB,55
Durham Smythe,23,0,TE,55
Kalen Ballage,23,0,RB,55
Chris Reed,26,3,G,55
Andrew Van Ginkel,0,0,LB,55
Walt Aikens,28,5,FS,55
Isaiah Prince,0,0,T,55
Chandler Cox,22,0,FB,55
Myles Gaskin,22,0,RB,55
Davon Godchaux,24,2,DT,55
Cornell Armstrong,23,0,CB,55
Vincent Taylor,25,2,DT,55
Jason Sanders,23,0,K,55
Jakeem Grant,26,3,WR,55
Durval Neto,26,0,DT,55
Terrill Hanks,0,0,LB,55
Jonathan Ledbetter,0,0,DE,55
Preston Williams,0,0,WR,55
Montre Hartage,0,0,CB,55
Nik Needham,0,0,CB,55
Deion Calhoun,0,0,G,55
Wes Farnsworth,0,0,LS,55
Ryan Anderson,0,0,C,55
Dewayne Hendrix,0,0,DE,55
Trenton Irwin,0,0,WR,55
Patrick Laird,0,0,RB,55
Aaron Monteiro,0,0,T,55
Chris Myarick,0,0,TE,55
Cory Thomas,0,0,T,55
Tre’ Watson,0,0,LB,55
Stone Wilson,0,0,P,55
Chase Allen,25,2,OLB,55
Torry McTyer,24,2,CB,55
Matt Haack,24,2,P,55
Brice Butler,29,6,WR,55
Nick O'Leary,26,3,TE,55
Tyrone Holmes,25,2,DE,55
Joey Mbu,26,2,DT,55
James Burgess,25,2,ILB,55
Kenneth Farrow,26,2,RB,55
Jamiyus Pittman,24,0,DT,55
Maurice Smith,24,2,S,55
John Denney,40,13,LS,55
Reece Horn,0,0,WR,55
Jomal Wiltz,24,1,CB,55
Michael Dunn,24,1,T,55
Quentin Poling,24,0,ILB,55
Chris Lammons,23,0,CB,55
Jamar Summers,24,0,CB,55
Tony Adams,23,0,T,55
Jaryd Jones-Smith,23,0,T,55
Connor Hilland,24,0,G,55
Sam Eguavoen,26,0,LB,55
Isaiah Ford,23,2,WR,55
Kendrick Norton,22,0,DT,55
Jalen Davis,23,0,CB,55
Mike Hull,28,3,ILB,55
Nate Orchard,26,4,OLB,55
Jayrone Elliott,27,4,OLB,55
Cornellius Carradine,30,6,DE,55
Clive Walford,27,4,TE,55
Adolphus Washington,24,3,DT,55
Jesse Davis,27,2,T,55
Ricardo Louis,25,3,WR,55
Jake Rudock,26,3,QB,55
Jonathan Woodard,25,1,DE,55
Zach Sterup,27,2,T,55
Kyle Fuller,25,2,C,55
Mark Walton,22,0,RB,55
Jordan Mills,28,6,RT,55
Kirk Cousins,30,7,QB,56
Danielle Hunter,24,4,DE,56
Stefon Diggs,25,4,WR,56
Xavier Rhodes,29,6,CB,56
Anthony Barr,27,5,OLB,56
Adam Thielen,28,5,WR,56
Riley Reiff,30,7,LT,56
Everson Griffen,31,9,DE,56
Harrison Smith,30,7,FS,56
Linval Joseph,30,9,DT,56
Eric Kendricks,27,4,ILB,56
Kyle Rudolph,29,8,TE,56
Josh Kline,29,6,G,56
Trae Waynes,26,4,CB,56
Garrett Bradbury,24,0,C,56
Shamar Stephen,28,5,DT,56
Laquon Treadwell,24,3,WR,56
Mike Hughes,22,0,CB,56
Dalvin Cook,23,2,RB,56
Irv Smith,20,0,TE,56
Brian O'Neill,23,0,T,56
Mackensie Alexander,25,3,CB,56
Kevin McDermott,29,6,LS,56
Pat Elflein,24,2,C,56
Alexander Mattison,21,0,RB,56
Dru Samia,0,0,G,56
Jalyn Holmes,23,0,DE,56
Anthony Harris,27,4,SS,56
Jaleel Johnson,24,2,DT,56
Ben Gedeon,24,2,OLB,56
Cameron Smith,22,0,LB,56
Tyler Conklin,23,0,TE,56
Armon Watts,22,0,DT,56
Marcus Epps,24,0,S,56
Oli Udoh,22,0,T,56
Kris Boyd,0,0,CB,56
Danny Isidora,25,2,G,56
Dillon Mitchell,0,0,WR,56
Olabisi Johnson,22,0,WR,56
Ade Aruna,25,0,DE,56
Kentrell Brothers,26,3,OLB,56
Devante Downs,23,0,ILB,56
David Morgan,26,3,TE,56
Jayron Kearse,25,3,S,56
Stephen Weatherly,25,3,DE,56
Rashod Hill,27,3,T,56
Jake Browning,0,0,QB,56
Anree Saint-Amour,0,0,DE,56
Brandon Dillon,0,0,TE,56
Nate Meadors,0,0,CB,56
Micah Abernathy,0,0,S,56
Khari Blasingame,0,0,FB,56
Davion Davis,0,0,WR,56
Tito Odenigbo,0,0,DT,56
John Keenoy,0,0,C,56
Alexander Hollins,0,0,WR,56
Terrance Alexander,0,0,CB,56
Stacy Keely,0,0,DE,56
Isaiah Wharton,23,0,CB,56
Holton Hill,22,0,CB,56
Mike Boone,24,0,RB,56
Hercules Mata'afa,23,0,LB,56
Brandon Zylstra,26,1,WR,56
Chad Beebe,25,0,WR,56
Tashawn Bower,24,2,DE,56
Aviante Collins,26,2,T,56
Eric Wilson,24,2,OLB,56
Kyle Sloter,25,2,QB,56
Cornelius Edison,25,2,C,56
Ifeadi Odenigbo,25,1,DE,56
Cole Hikutini,24,2,TE,56
Roc Thomas,23,0,RB,56
Jeff Badet,24,0,WR,56
Storm Norton,25,1,T,56
Curtis Cothran,24,0,DT,56
Craig James,23,0,CB,56
Dan Bailey,31,8,K,56
Dakota Dozier,28,5,G,56
Sean Mannion,27,3,QB,56
Brett Jones,27,4,C,56
Ameer Abdullah,26,4,RB,56
Derron Smith,27,4,SS,56
Jordan Taylor,27,3,WR,56
Matt Wile,27,1,P,56
C.J. Ham,25,2,RB,56
Duke Thomas,25,2,S,56
Karter Schult,25,0,DE,56
Greer Martini,24,0,LB,56
Austin Cutting,0,0,LS,56
Stephon Gilmore,28,7,CB,57
Devin McCourty,31,9,FS,57
Shaq Mason,25,4,G,57
Dont'a Hightower,29,7,ILB,57
Marcus Cannon,31,8,RT,57
Tom Brady,41,19,QB,57
Duron Harmon,28,6,SS,57
Michael Bennett,33,10,DE,57
Julian Edelman,33,10,WR,57
Lawrence Guy,29,8,DE,57
James White,27,5,RB,57
Kyle Van Noy,28,5,ILB,57
Patrick Chung,31,10,SS,57
Isaiah Wynn,22,0,T,57
N'Keal Harry,21,0,WR,57
Jason McCourty,31,10,CB,57
Rex Burkhead,28,6,RB,57
Sony Michel,24,0,RB,57
David Andrews,26,4,C,57
Stephen Gostkowski,35,13,K,57
Joejuan Williams,21,0,CB,57
Matthew Slater,33,11,WR,57
Nate Ebner,29,7,FS,57
Mike Pennel,28,5,DE,57
Duke Dawson,23,0,CB,57
Brian Hoyer,33,10,QB,57
Joe Cardona,27,4,LS,57
John Simon,28,6,DE,57
Chase Winovich,24,0,DE,57
James Develin,30,6,FB,57
Brandon Bolden,29,7,RB,57
Damien Harris,22,0,RB,57
Brandon King,26,4,FS,57
Yodny Cajuste,23,0,T,57
Derek Rivers,24,2,OLB,57
Terrence Brooks,27,5,FS,57
Hjalte Froholdt,22,0,G,57
Joe Thuney,26,3,G,57
Jarrett Stidham,22,0,QB,57
Jonathan Jones,25,3,CB,57
Benjamin Watson,38,15,TE,57
Deatrich Wise,24,2,DE,57
Demaryius Thomas,31,9,WR,57
Byron Cowart,23,0,DE,57
Jake Bailey,0,0,P,57
Matt LaCosse,26,3,TE,57
Ja'whaun Bentley,23,0,ILB,57
Christian Sam,23,0,ILB,57
Phillip Dorsett,26,4,WR,57
Ken Webster,23,0,CB,57
Braxton Berrios,23,0,WR,57
Keion Crossen,23,0,CB,57
Ryan Izzo,23,0,TE,57
Elandon Roberts,25,3,OLB,57
Josh Gordon,28,3,WR,57
Jamie Collins,29,6,OLB,57
Ted Karras,26,3,G,57
Andrew Beck,0,0,TE,57
Jakobi Meyers,0,0,WR,57
Terez Hall,0,0,LB,57
Malik Gant,0,0,S,57
Tyler Gauthier,0,0,C,57
Ryan Davis,0,0,WR,57
Tyree St. Louis,0,0,T,57
Nick Brossette,0,0,RB,57
D'Angelo Ross,0,0,CB,57
Gunner Olszewski,0,0,WR,57
J.C. Jackson,23,0,CB,57
Adam Butler,25,2,DT,57
Keionta Davis,25,1,DE,57
Ryan Allen,29,6,P,57
Dontrelle Inman,30,4,WR,57
Obi Melifonwu,25,2,S,57
James Ferentz,30,3,C,57
Danny Shelton,25,4,DT,57
Maurice Harris,26,3,WR,57
Brian Schwenke,28,6,C,57
David Parry,27,4,DT,57
Shilique Calhoun,27,3,OLB,57
Stephen Anderson,26,3,TE,57
Cole Croston,25,2,T,57
Ufomba Kamalu,26,3,DE,57
Calvin Munson,24,2,ILB,57
Dan Skipper,24,1,T,57
A.J. Howard,23,0,S,57
Cedrick Lang,27,1,T,57
Danny Etling,24,0,QB,57
Trent Harris,23,0,DT,57
Damoun Patterson,24,0,WR,57
Nick Thurman,24,0,DE,57
Jakob Johnson,24,0,FB,57
Terron Armstead,27,6,LT,58
Cameron Jordan,29,8,DE,58
Drew Brees,40,18,QB,58
Larry Warford,28,6,G,58
Demario Davis,30,7,OLB,58
A.J. Klein,27,6,OLB,58
Nick Easton,27,4,C,58
Will Lutz,24,3,K,58
Patrick Robinson,31,9,CB,58
Thomas Morstead,33,10,P,58
Marshon Lattimore,23,2,CB,58
Eli Apple,23,3,CB,58
Jared Cook,32,10,TE,58
Malcom Brown,25,4,DT,58
Latavius Murray,28,6,RB,58
Marcus Davenport,22,0,DE,58
Sheldon Rankins,25,3,DT,58
Andrus Peat,25,4,G,58
Ted Ginn Jr.,34,12,WR,58
Cameron Meredith,26,4,WR,58
Ryan Ramczyk,25,2,RT,58
Josh Hill,29,6,TE,58
Teddy Bridgewater,27,5,QB,58
Chris Banjo,29,5,SS,58
Marcus Williams,22,2,FS,58
Erik McCoy,21,0,C,58
Michael Thomas,26,3,WR,58
Mario Edwards,25,4,DT,58
Craig Robertson,31,6,ILB,58
Vonn Bell,24,3,SS,58
Alvin Kamara,23,2,RB,58
Alex Anzalone,24,2,OLB,58
Tre'quan Smith,23,0,WR,58
Chauncey Gardner-Johnson,21,0,S,58
Trey Hendrickson,24,2,DE,58
David Onyemata,26,3,DT,58
Saquan Hampton,23,0,S,58
Alize Mack,22,0,TE,58
Kaden Elliss,23,0,LB,58
Will Clapp,23,0,C,58
P.J. Williams,26,4,CB,58
Zach Line,29,6,FB,58
Ken Crawley,26,3,CB,58
Carl Granderson,0,0,DE,58
Deonte Harris,0,0,WR,58
Ethan Greenidge,0,0,T,58
Corbin Kaufusi,0,0,DE,58
Emmanuel Butler,0,0,WR,58
Devine Ozigbo,0,0,RB,58
Lil’jordan Humphrey,0,0,WR,58
Ken Bigelow,0,0,DT,58
Derrick Kelly,0,0,T,58
Shy Tuttle,0,0,DT,58
Chase Hansen,0,0,LB,58
Nick Moore,0,0,LS,58
Porter Gustin,0,0,OLB,58
Taylor Stallworth,23,0,DT,58
Austin Carr,25,2,WR,58
Taysom Hill,28,2,QB,58
Dan Arnold,24,2,WR,58
Dwayne Washington,25,3,RB,58
Chad Hansen,24,2,WR,58
Chris Campbell,23,0,CB,58
J.T. Barrett,24,0,QB,58
Terrell Williams,23,0,S,58
Nate Wozniak,24,0,G,58
Keith Kirkwood,25,0,WR,58
Simmie Cobbs Jr.,23,0,WR,58
Marcus Sherels,31,8,CB,58
Rishard Matthews,29,7,WR,58
Javorius Allen,27,4,RB,58
Kayvon Webster,28,5,CB,58
Michael Ola,31,5,T,58
Zach Wood,26,2,LS,58
Vince Biegel,25,2,OLB,58
Matt Dayes,24,2,RB,58
Justin Hardee,25,2,CB,58
Cameron Tom,24,2,G,58
Garrett Griffin,25,2,TE,58
Darnell Sankey,24,2,ILB,58
J.T. Gray,23,0,DE,58
Marcus Henry,26,1,C,58
Cyril Grayson,25,1,WR,58
Marshall Newhouse,30,9,RT,58
Tyrunn Walker,29,6,DT,58
Sylvester Williams,30,6,DT,58
Wes Horton,29,6,DE,58
Ulrick John,27,5,LT,58
Ryan Groy,28,5,G,58
Geno Grissom,27,4,DE,58
Michael Burton,27,4,FB,58
Colton Jumper,24,0,LB,58
Eli Manning,38,15,QB,59
Janoris Jenkins,30,7,CB,59
Nate Solder,31,8,LT,59
Alec Ogletree,27,6,ILB,59
Sterling Shepard,25,3,WR,59
Golden Tate,30,9,WR,59
Kevin Zeitler,29,7,G,59
Saquon Barkley,22,0,RB,59
Rhett Ellison,30,7,TE,59
Kareem Martin,27,5,OLB,59
Dexter Lawrence,21,0,DT,59
Evan Engram,24,2,TE,59
Deandre Baker,21,0,CB,59
Jabrill Peppers,23,2,S,59
Spencer Pulley,26,3,C,59
Will Hernandez,23,0,G,59
Antoine Bethea,34,13,FS,59
Dalvin Tomlinson,25,2,DT,59
Lorenzo Carter,23,0,DE,59
Sam Beal,22,0,CB,59
B.J. Hill,23,0,DT,59
Michael Thomas,30,6,FS,59
Markus Golden,28,4,DE,59
Julian Love,21,0,CB,59
Kyle Lauletta,23,0,QB,59
B.J. Goodson,26,3,ILB,59
Ryan Connelly,0,0,LB,59
Wayne Gallman,24,2,RB,59
R.J. McIntosh,23,0,DT,59
Darius Slayton,0,0,WR,59
Corey Ballentine,0,0,CB,59
Kamrin Moore,22,0,CB,59
George Asafo-adjei,0,0,T,59
Chris Slayton,22,0,DT,59
Paul Perkins,24,3,RB,59
Mike Remmers,30,6,RT,59
Riley Dixon,25,3,P,59
Alex Tanney,31,3,QB,59
Josiah Tauaefa,0,0,LB,59
Alex Wesley,0,0,WR,59
Mark McLaurin,0,0,S,59
C.J. Conrad,0,0,TE,59
Paul Adams,0,0,T,59
Jake Carlock,0,0,CB,59
James O'Hagan,0,0,C,59
Reggie White Jr,0,0,WR,59
Eric Dungey,0,0,QB,59
Jonathan Hilliman,0,0,RB,59
Jacob Thieneman,0,0,S,59
Nate Harvey,0,0,DE,59
Tenny Adewusi,0,0,S,59
Ryan Anderson,0,0,P,59
Austin Droogsma,0,0,G,59
Freedom Akinmoladun,23,0,DE,59
Sean Chandler,23,0,S,59
Tae Davis,22,0,LB,59
Nick Gates,23,0,G,59
Evan Brown,22,0,C,59
Chad Wheeler,25,2,T,59
Russell Shepard,28,6,WR,59
Cody Latimer,26,5,WR,59
Brian Mihalik,26,3,T,59
Taybor Pepper,25,1,LS,59
Avery Moss,24,2,DE,59
Kenny Ladler,27,2,SS,59
Zak DeOssie,35,12,LS,59
Alonzo Russell,26,1,WR,59
Ronald Zamort,27,1,CB,59
Victor Salako,25,1,T,59
Grant Haley,23,0,CB,59
Garrett Dickerson,23,0,TE,59
Olsen Pierre,27,3,DT,59
Nathan Stupar,31,6,OLB,59
Bennie Fowler,28,4,WR,59
Scott Simonson,27,4,TE,59
John Jenkins,29,6,DE,59
Tony Lippett,26,4,CB,59
Rod Smith,27,4,RB,59
Jonathan Anderson,27,4,ILB,59
Corey Coleman,24,3,WR,59
Brittan Golden,30,4,WR,59
Jon Halapio,28,2,C,59
Aldrick Rosas,24,2,K,59
Elijhaa Penny,25,2,FB,59
Chad Slade,27,2,G,59
Jake Ceresna,0,0,DT,59
Keion Adams,24,2,OLB,59
Alex Jenkins,26,1,DE,59
Henre' Toliver,22,0,CB,59
Antonio Hamilton,26,3,S,59
Daniel Jones,22,0,QB,59
Oshane Ximines,23,0,DE,59
C.J. Mosley,27,5,ILB,60
Trumaine Johnson,29,7,CB,60
Kelechi Osemele,30,7,G,60
Le'Veon Bell,27,6,RB,60
Quincy Enunwa,27,4,WR,60
Sam Darnold,22,0,QB,60
Brian Winters,27,6,G,60
Jamison Crowder,26,4,WR,60
Henry Anderson,27,4,DE,60
Kelvin Beachum,29,7,LT,60
Avery Williamson,27,5,ILB,60
Jamal Adams,23,2,SS,60
Leonard Williams,25,4,DE,60
Darryl Roberts,28,4,CB,60
Marcus Maye,25,2,FS,60
Josh Bellamy,30,4,WR,60
Jonotthan Harrison,27,5,C,60
Jachai Polite,21,0,OLB,60
Nathan Shepherd,25,0,DT,60
Tarell Basham,25,2,OLB,60
Trevon Wesco,0,0,TE,60
Chris Herndon,23,0,TE,60
Jordan Jenkins,25,3,OLB,60
Robby Anderson,26,3,WR,60
Brian Poole,26,3,CB,60
Blake Cashman,23,0,LB,60
Blessuan Austin,0,0,CB,60
Parry Nickerson,24,0,CB,60
Foley Fatukasi,24,0,DT,60
Luke Falk,24,0,QB,60
Trenton Cannon,24,0,RB,60
Brandon Shell,27,3,T,60
Elijah McGuire,25,2,RB,60
Derrick Jones,22,2,CB,60
Steve McLendon,33,9,DT,60
Lac Edwards,27,3,P,60
Charone Peake,26,3,WR,60
Chandler Catanzaro,28,5,K,60
Trevor Siemian,27,4,QB,60
Rontez Miles,30,4,FS,60
Tevaughn Campbell,26,0,CB,60
Calvin Anderson,0,0,T,60
Valentine Holmes,23,0,RB,60
Santos Ramirez,0,0,S,60
Kyle Phillips,0,0,DE,60
Greg Dortch,0,0,WR,60
Justin Alexandre,0,0,DT,60
Fred Jones,0,0,DT,60
Toa Lobendahn,0,0,T,60
Jamey Mosley,0,0,LB,60
Kyron Brown,0,0,CB,60
Jeff Smith,0,0,WR,60
Trevon Sanders,0,0,DT,60
Tyler Jones,0,0,G,60
Wyatt Miller,0,0,T,60
Jalin Moore,0,0,RB,60
Jeff Allison,0,0,LB,60
MyQuon Stout,0,0,DT,60
Brandon Copeland,28,4,DE,60
J.J. Jones,26,0,WR,60
Brandon Bryant,23,0,CB,60
Thomas Hennessy,25,2,LS,60
Tom Compton,30,6,G,60
Neville Hewitt,26,4,ILB,60
Brent Qvale,28,4,RT,60
Tim White,24,2,WR,60
Harvey Langi,26,2,ILB,60
Jordan Morgan,25,2,G,60
Jon Toth,25,1,C,60
Eric Smith,23,2,T,60
Quadree Henderson,22,0,WR,60
Montrel Meander,24,0,S,60
Bilal Powell,30,8,RB,60
Eric Tomlinson,27,3,TE,60
Deonte Thompson,30,6,WR,60
Ty Montgomery,26,4,RB,60
Daniel Brown,27,4,TE,60
Matt Darr,26,2,P,60
Arthur Maulet,25,2,CB,60
Bronson Kaufusi,27,3,DE,60
Davis Webb,24,2,QB,60
Jeremy Clark,25,1,CB,60
De'Angelo Henderson,26,2,RB,60
Doug Middleton,25,2,FS,60
Benjamin Braden,25,1,T,60
Deontay Burnett,21,0,WR,60
Frankie Luvu,22,0,LB,60
Anthony Wint,23,0,LB,60
Mark Myers,24,0,CB,60
Neville Hewitt,26,4,ILB,60
Quinnen Williams,21,0,DT,60
Chuma Edoga,22,0,T,60
Derek Carr,28,5,QB,61
Trenton Brown,26,4,RT,61
Gabe Jackson,27,5,G,61
Antonio Brown,30,9,WR,61
Rodney Hudson,29,8,C,61
Tyrell Williams,27,4,WR,61
LaMarcus Joyner,28,5,FS,61
Clelin Ferrell,22,0,DE,61
Tahir Whitehead,29,7,OLB,61
Justin Ellis,28,5,DT,61
Kolton Miller,23,0,LT,61
Karl Joseph,25,3,SS,61
Johnathan Abram,22,0,S,61
Gareon Conley,24,2,CB,61
Johnathan Hankins,27,5,DT,61
Trayvon Mullen,21,0,CB,61
Derek Carrier,28,6,TE,61
Erik Harris,29,3,S,61
P.J. Hall,24,0,DT,61
Andrew DePaola,31,5,LS,61
Brandon Parker,23,0,T,61
Arden Key,23,0,DE,61
Maxx Crosby,21,0,DE,61
Eddie Vanderdoes,24,2,DT,61
Isaiah Johnson,23,0,CB,61
Nick Nelson,22,0,CB,61
Daryl Worley,24,3,CB,61
Jalen Richard,25,3,RB,61
Nevin Lawson,28,5,CB,61
Foster Moreau,22,0,TE,61
Keith Smith,27,5,FB,61
David Sharpe,23,2,T,61
Hunter Renfrow,23,0,WR,61
Maurice Hurst,24,0,DT,61
Kyle Wilber,30,7,OLB,61
Johnny Townsend,24,0,P,61
Marquel Lee,23,2,ILB,61
Quinton Bell,23,0,OLB,61
DeAndre Washington,26,3,RB,61
Vontaze Burfict,28,7,OLB,61
Mike Glennon,29,6,QB,61
Denzell Good,28,4,RT,61
Keelan Doss,0,0,WR,61
Keisean Nixon,0,0,CB,61
Alec Ingold,0,0,FB,61
Andre James,0,0,T,61
Koa Farmer,0,0,OLB,61
Te'Von Coney,0,0,LB,61
Lester Cotton,0,0,G,61
Dylan Mabin,0,0,CB,61
Lukayus McNeil,0,0,T,61
Tyler Roemer,0,0,T,61
A.J. Cole,0,0,P,61
Ronald Ollie,0,0,DT,61
Brian Burt,0,0,WR,61
Isaiah Langley,22,0,CB,61
Chris Warren,23,0,RB,61
Benson Mayowa,27,6,DE,61
Nicholas Morrow,23,2,OLB,61
Dwayne Harris,31,8,WR,61
Josh Mauro,28,5,DT,61
Gabe Wright,27,3,DT,61
Darren Waller,26,3,TE,61
Brandon Marshall,29,7,ILB,61
Denver Kirkland,25,3,G,61
Keon Hatcher,24,1,WR,61
Paul Butler,26,1,TE,61
Rico Gafford,23,0,CB,61
Dallin Leavitt,24,0,S,61
Richie Incognito,35,11,G,61
Doug Martin,30,7,RB,61
Ryan Grant,28,5,WR,61
Isaiah Crowell,26,5,RB,61
J.J. Nelson,27,4,WR,61
Luke Willson,29,6,TE,61
Jordan Devey,31,5,G,61
Jordan Richards,26,4,SS,61
Curtis Riley,26,4,FS,61
Erik Swoope,27,3,TE,61
James Cowser,28,3,OLB,61
Nathan Peterman,25,2,QB,61
Montay Crockett,25,1,WR,61
Daniel Carlson,24,0,K,61
Ternt Sieg,24,0,LS,61
Jason Cabinda,23,0,LB,61
Alex Barrett,25,1,DE,61
Saeed Blacknall,23,0,WR,61
Marcell Ateman,24,0,WR,61
Justin Murray,26,1,T,61
Josh Jacobs,21,0,RB,61
Carson Wentz,26,3,QB,62
Fletcher Cox,28,7,DT,62
Lane Johnson,29,6,RT,62
Alshon Jeffery,29,7,WR,62
Zach Ertz,28,6,TE,62
Brandon Graham,31,9,DE,62
Brandon Brooks,29,7,G,62
Nigel Bradham,29,7,OLB,62
Malcolm Jenkins,31,10,FS,62
Rodney McLeod,29,7,FS,62
Malik Jackson,29,7,DT,62
DeSean Jackson,32,11,WR,62
Jason Kelce,31,8,C,62
Isaac Seumalo,25,3,G,62
Derek Barnett,23,2,DE,62
Andre Dillard,22,0,T,62
Nelson Agholor,26,4,WR,62
Ronald Darby,25,4,CB,62
Sidney Jones,23,1,CB,62
Jason Peters,37,15,LT,62
Dallas Goedert,24,0,TE,62
L.J. Fort,29,4,ILB,62
Miles Sanders,22,0,RB,62
J.J. Arcega-Whiteside,22,0,WR,62
Rasul Douglas,23,2,CB,62
Nate Sudfeld,25,3,QB,62
Avonte Maddox,23,0,CB,62
Josh Sweat,22,0,DE,62
Mack Hollins,25,2,WR,62
Shreef Miller,22,0,DE,62
Hassan Ridgeway,24,2,DT,62
Deiondre' Hall,25,3,CB,62
Clayton Thorson,23,0,QB,62
Shelton Gibson,24,2,WR,62
Matt Pryor,24,0,T,62
Jordan Howard,24,3,RB,62
Wendell Smallwood,25,3,RB,62
Halapoulivaati Vaitai,26,3,T,62
Jordan Mailata,22,0,T,62
Kamu Grugier-Hill,25,3,OLB,62
Jalen Mills,25,3,S,62
Blake Countess,25,3,S,62
Vinny Curry,31,7,DE,62
Timmy Jernigan,26,5,DT,62
Daeshon Hall,24,2,DE,62
Richard Rodgers,27,5,TE,62
Iosua Opeta,0,0,G,62
Kevin Wilkins,0,0,DT,62
Nate Herbig,0,0,G,62
Keegan Render,0,0,C,62
T.J. Edwards,0,0,LB,62
Ryan Bates,0,0,T,62
Joey Alfieri,0,0,LB,62
Deandre Thompkins,0,0,WR,62
Anthony Rush,0,0,DT,62
Jay Liggins,0,0,CB,62
Casey Tucker,0,0,T,62
Boston Scott,24,0,RB,62
Bruce Hector,24,0,DT,62
Corey Clement,24,2,RB,62
Nate Gerry,24,2,OLB,62
Tyreek Burwell,27,4,T,62
Stefen Wisniewski,30,8,C,62
Zach Brown,29,7,ILB,62
Anthony Fabiano,25,1,T,62
Crevon LeBlanc,24,3,CB,62
Josh Hawkins,26,3,CB,62
Andrew Sendejo,31,8,SS,62
Carlton Agudosi,25,1,WR,62
Joshua Perkins,23,2,TE,62
Treyvon Hester,26,2,DT,62
Alex Singleton,25,0,LB,62
Jeremiah McKinnon,26,1,CB,62
Marken Michel,25,0,WR,62
Donnel Pumphrey,24,2,RB,62
Joe Ostman,23,0,DE,62
Devin Ross,23,0,WR,62
Cameron Johnston,27,1,P,62
Tre' Sullivan,25,1,S,62
Godwin Igwebuike,24,0,S,62
Josh Adams,22,0,RB,62
Charles Johnson,30,5,WR,62
Paul Worrilow,29,6,OLB,62
Rick Lovato,26,3,LS,62
Will Tye,27,3,TE,62
Cody Kessler,26,3,QB,62
Braxton Miller,26,3,WR,62
Jake Elliott,24,2,K,62
Trae Elston,25,2,S,62
Greg Ward,23,1,QB,62
Ben Roethlisberger,37,15,QB,63
Stephon Tuitt,26,5,DE,63
Cameron Heyward,30,8,DE,63
David DeCastro,29,7,G,63
Joe Haden,30,9,CB,63
Steven Nelson,26,4,CB,63
Alejandro Villanueva,30,4,LT,63
Maurkice Pouncey,29,9,C,63
Vance McDonald,29,6,TE,63
Devin Bush,20,0,ILB,63
Vince Williams,29,6,ILB,63
Chris Boswell,28,4,K,63
Mark Barron,29,7,ILB,63
Terrell Edmunds,22,0,S,63
Artie Burns,24,3,CB,63
Ryan Shazier,26,5,ILB,63
T.J. Watt,24,2,OLB,63
Bud Dupree,26,4,OLB,63
Donte Moncrief,25,5,WR,63
Ramon Foster,33,10,G,63
Anthony Chickillo,27,4,OLB,63
Roosevelt Nix,27,4,FB,63
Tyson Alualu,32,9,DT,63
James Washington,23,0,WR,63
Diontae Johnson,0,0,WR,63
JuJu Smith-Schuster,22,2,WR,63
Sean Davis,25,3,FS,63
Mason Rudolph,23,0,QB,63
Eli Rogers,26,4,WR,63
Jordan Berry,28,4,P,63
Justin Layne,21,0,CB,63
Chuks Okorafor,21,0,T,63
Benny Snell Jr.,21,0,RB,63
Cameron Sutton,24,2,CB,63
James Conner,24,2,RB,63
Javon Hargrave,26,3,DT,63
B.J. Finney,27,3,C,63
Joshua Dobbs,24,2,QB,63
Ryan Switzer,24,2,WR,63
Jerald Hawkins,25,3,T,63
Zach Gentry,22,0,TE,63
Marcus Allen,22,0,S,63
Daniel McCullers,26,5,DT,63
Sutton Smith,23,0,OLB,63
Jaylen Samuels,22,0,RB,63
Isaiah Buggs,21,0,DT,63
Ulysees Gilbert,21,0,LB,63
Derwin Gray,24,0,T,63
Tyler Matakevich,26,3,ILB,63
Xavier Grimble,26,3,TE,63
Alexander Myres,0,0,CB,63
Fred Johnson,0,0,G,63
Trevor Wood,0,0,TE,63
Matthew Wright,0,0,K,63
Ian Berryman,0,0,P,63
Garrett Brumfield,0,0,G,63
Travon McMillan,0,0,RB,63
P.J. Locke,0,0,S,63
Dravon Askew-Henry,0,0,S,63
Damian Prince,0,0,T,63
Devlin Hodges,0,0,QB,63
Tuzar Skipper,0,0,DE,63
Olasunkanmi Adeniyi,21,0,LB,63
Kameron Canaday,25,2,LS,63
Jordan Dangerfield,28,2,FS,63
Zach Banner,25,2,T,63
Brian Allen,25,2,CB,63
Trey Edmunds,24,2,RB,63
Matt Feiler,26,2,RT,63
Johnny Holton,27,3,WR,63
Mike Hilton,25,2,CB,63
Diontae Spencer,27,0,WR,63
Lavon Hooks,27,1,DE,63
Herb Waters,26,2,WR,63
Tevin Jones,26,1,WR,63
Marcelis Branch,25,1,CB,63
J’terius Jones,25,1,OLB,63
Trey Griffey,25,1,WR,63
Casey Sayles,23,1,DT,63
Winston Craig,23,1,DT,63
J.C. Hassenauer,24,0,C,63
Greg Gilmore,24,0,DE,63
Patrick Morris,24,0,C,63
Malik Williams,23,0,RB,63
Kam Kelly,22,0,CB,63
Ralph Webb,24,0,RB,63
Tegray Scales,23,0,LB,63
Kevin Rader,24,0,TE,63
Conor Sheehy,22,0,DE,63
Henry Mondeaux,23,0,DT,63
Robert Spillane,23,0,LB,63
Christian Scotland-Williamson,25,0,TE,63
Jimmy Garoppolo,27,5,QB,64
Dee Ford,28,5,OLB,64
Kwon Alexander,24,4,ILB,64
Weston Richburg,27,6,C,64
Jerick McKinnon,27,5,RB,64
Solomon Thomas,23,2,DE,64
Joe Staley,34,12,LT,64
Richard Sherman,31,8,CB,64
Kyle Juszczyk,28,6,FB,64
Marquise Goodwin,28,6,WR,64
Mike McGlinchey,24,0,RT,64
DeForest Buckner,25,3,DT,64
Laken Tomlinson,27,4,G,64
Jaquiski Tartt,27,4,FS,64
Garrett Celek,31,7,TE,64
Arik Armstead,25,4,DE,64
Joshua Garnett,25,3,G,64
K'Waun Williams,27,4,CB,64
Raheem Mostert,27,4,RB,64
Tevin Coleman,26,4,RB,64
Michael Person,31,8,G,64
Dante Pettis,23,0,WR,64
Robbie Gould,37,14,K,64
Mark Nzeocha,29,4,OLB,64
Kyle Nelson,32,7,LS,64
Jimmie Ward,27,5,FS,64
Jalen Hurd,23,0,WR,64
Fred Warner,22,0,OLB,64
Ahkello Witherspoon,24,2,CB,64
Jason Verrett,28,4,CB,64
C.J. Beathard,25,2,QB,64
Tarvarius Moore,22,0,CB,64
Mitch Wishnowsky,27,0,P,64
Shon Coleman,27,3,T,64
Kentavius Street,23,0,DE,64
Sheldon Day,25,3,DT,64
Dre Greenlaw,22,0,LB,64
D.J. Reed,22,0,S,64
Kaden Smith,22,0,TE,64
Justin Skule,22,0,T,64
George Kittle,25,2,TE,64
Tim Harris,0,0,CB,64
Marcell Harris,23,0,S,64
Ronald Blair,26,3,DE,64
Trent Taylor,25,2,WR,64
Jullian Taylor,24,0,DT,64
D.J. Jones,24,2,DT,64
Richie James,23,0,WR,64
David Mayo,25,4,ILB,64
Adrian Colbert,25,2,FS,64
Jordan Matthews,26,4,WR,64
Malik Henry,0,0,WR,64
Azeez Al-Shaair,0,0,LB,64
Demetrius Flannigan-Fowles,0,0,S,64
Kevin Givens,0,0,DT,64
Tyree Mayfield,0,0,TE,64
Jamell Garcia-Williams,0,0,DT,64
Wilton Speight,0,0,QB,64
Shawn Poindexter,0,0,WR,64
Ross Reynolds,0,0,G,64
Austin Walter,0,0,RB,64
Alex Brown,0,0,CB,64
Emmanuel Moseley,23,0,CB,64
Matt Breida,24,2,RB,64
Kendrick Bourne,23,2,WR,64
Erik Magnunson,25,2,T,64
Malcolm Smith,29,8,OLB,64
Kapron Lewis-Moore,29,3,DE,64
Willie Beavers,25,2,T,64
Max McCaffrey,25,2,WR,64
Najee Toran,23,0,T,64
Colin Holba,24,0,LS,64
Jonathan Brown,26,1,K,64
Christian Dilauro,24,0,G,64
Nick Mullens,24,1,QB,64
Tyree Robinson,25,0,S,64
Ross Dwelley,24,0,TE,64
Jeff Wilson,23,0,RB,64
Cedric Thornton,31,7,DT,64
Antone Exum,28,5,FS,64
Ben Garland,31,5,G,64
LaRoy Reynolds,28,6,ILB,64
Dontae Johnson,27,5,CB,64
Elijah Lee,23,2,OLB,64
Greg Mabin,25,2,CB,64
Daniel Brunskill,25,1,T,64
Levine Toilolo,27,6,TE,64
Wesley Johnson,28,5,C,64
Nick Bosa,21,0,DE,64
Deebo Samuel,23,0,WR,64
Russell Wilson,30,7,QB,65
Bobby Wagner,29,7,ILB,65
Duane Brown,33,11,LT,65
Tyler Lockett,26,4,WR,65
Justin Britt,28,5,C,65
Jason Myers,28,4,K,65
K.J. Wright,29,8,OLB,65
Bradley McDougald,28,6,SS,65
L.J. Collier,23,0,DE,65
Rashaad Penny,23,0,RB,65
Ed Dickson,31,9,TE,65
Ezekiel Ansah,30,6,DE,65
Germain Ifedi,25,3,RT,65
Barkevious Mingo,28,6,OLB,65
Marquise Blair,21,0,S,65
D.J. Fluker,28,6,G,65
Jaron Brown,29,6,WR,65
Jarran Reed,26,3,DT,65
D.K. Metcalf,21,0,WR,65
Mychal Kendricks,28,7,OLB,65
Ethan Pocic,23,2,G,65
Cody Barton,0,0,LB,65
Rasheem Green,22,0,DE,65
Shaquill Griffin,23,2,CB,65
Gary Jennings,0,0,WR,65
Phil Haynes,23,0,G,65
Delano Hill,23,2,S,65
Nazair Jones,24,2,DT,65
Amara Darboh,25,2,WR,65
Ugo Amadi,22,0,CB,65
C.J. Prosise,25,3,RB,65
Will Dissly,22,0,TE,65
George Fant,26,3,T,65
Tedric Thompson,24,2,S,65
Nick Vannett,26,3,TE,65
Ben Burr-Kirven,0,0,LB,65
Shaquem Griffin,23,0,OLB,65
Tre Flowers,25,0,CB,65
Michael Dickson,23,0,P,65
Mike Iupati,32,9,G,65
Jamarco Jones,23,0,T,65
Travis Homer,20,0,RB,65
Demarcus Christmas,23,0,DT,65
Jake Martin,23,0,DE,65
John Ursua,25,0,WR,65
Christopher Carson,24,2,RB,65
Al Woods,32,9,DT,65
Nick Bellore,30,8,FB,65
Quinton Jefferson,26,3,DE,65
Cassius Marsh,26,5,OLB,65
Davante Davis,0,0,CB,65
Derrek Thomas,0,0,CB,65
Terry Wright,0,0,WR,65
Jazz Ferguson,0,0,WR,65
Demetrius Knox,0,0,G,65
Justin Johnson,0,0,TE,65
Jay-Tee Tiuli,0,0,DT,65
Jalen Harvey,0,0,S,65
Adam Choice,0,0,RB,65
Bryan Mone,0,0,DT,65
Marcelias Sutton,0,0,RB,65
Poona Ford,23,0,DT,65
Jacob Hollister,25,2,TE,65
Akeem King,26,3,SS,65
Bo Scarbrough,22,0,RB,65
Elijah Nkansah,24,0,T,65
Malik Turner,23,0,WR,65
Neiko Thorpe,29,6,CB,65
Geno Smith,28,6,QB,65
Jamar Taylor,28,6,CB,65
Marcus Martin,25,5,G,65
Jamie Meder,28,4,DE,65
Tyler Ott,27,4,LS,65
Joey Hunt,25,2,C,65
Kalan Reed,25,2,CB,65
J.D. McKissic,25,2,RB,65
Branden Jackson,26,3,DE,65
Paxton Lynch,25,3,QB,65
Marwin Evans,26,3,S,65
Shalom Luani,24,2,S,65
David Moore,24,2,WR,65
Justin Currie,25,2,SS,65
Jordan Roos,25,2,G,65
Austin Calitro,25,1,ILB,65
Jordan Simmons,24,1,T,65
Emmanuel Ellerbe,22,0,LB,65
Tyrone Swoopes,24,1,TE,65
Jeremy Boykins,24,1,CB,65
Simeon Thomas,25,0,CB,65
Caleb Scott,23,0,WR,65
Mike Evans,25,5,WR,66
Jason Pierre-Paul,30,9,DE,66
Ali Marpet,26,4,G,66
Lavonte David,29,7,OLB,66
Ryan Jensen,28,5,C,66
Donovan Smith,26,4,LT,66
Cameron Brate,27,4,TE,66
William Gholston,27,6,DE,66
Jameis Winston,25,4,QB,66
Demar Dotson,33,10,RT,66
Beau Allen,27,5,DT,66
Vita Vea,24,0,DT,66
Vernon Hargreaves,24,3,CB,66
O.J. Howard,24,2,TE,66
Bradley Pinion,25,4,P,66
Ndamukong Suh,32,9,DT,66
Sean Bunting,22,0,CB,66
Ronald Jones II,21,0,RB,66
Noah Spence,25,3,DE,66
Justin Evans,23,2,S,66
M.J. Stewart,23,0,CB,66
Carlton Davis,22,0,CB,66
Evan Smith,32,9,C,66
Shaquil Barrett,26,5,OLB,66
Breshad Perriman,25,4,WR,66
Carl Nassib,26,3,DE,66
Mike Edwards,0,0,S,66
Alex Cappa,24,0,RT,66
Anthony Nelson,22,0,DE,66
Chris Godwin,23,2,WR,66
Kendell Beckwith,24,2,OLB,66
Jordan Whitehead,22,0,S,66
Ryan Smith,25,3,CB,66
Ryan Griffin,29,5,QB,66
Matt Gay,0,0,K,66
Justin Watson,24,0,WR,66
Jordan Leggett,24,2,TE,66
Scott Miller,21,0,WR,66
Terry Beckner Jr.,0,0,DT,66
Jack Cichy,23,0,ILB,66
Caleb Benenoch,24,3,T,66
Deone Bucannon,26,5,ILB,66
Peyton Barber,25,3,RB,66
Zack Bailey,0,0,G,66
Kahzin Daniels,0,0,DE,66
Nate Trewyn,0,0,C,66
Anthony Johnson,0,0,WR,66
Nick Fitzgerald,0,0,QB,66
Bruce Anderson,0,0,RB,66
Cortrelle Simpson,0,0,WR,66
DaMarkus Lodge,0,0,WR,66
Lukas Denis,0,0,S,66
Jalen Allison,0,0,CB,66
Dare Odeyingbo,0,0,LB,66
Brock Ruble,0,0,T,66
D’Cota Dixon,0,0,S,66
Spencer Schnell,0,0,WR,66
David Kenney,0,0,DE,66
Riley Mayfield,0,0,T,66
Antony Auclair,26,2,TE,66
Bobo Wilson,24,1,WR,66
Blaine Gabbert,29,8,QB,66
K.J. Brent,25,1,WR,66
Pat O'Connor,25,1,DE,66
Demone Harris,23,0,DE,66
Farrington Huguenin,27,1,DE,66
Zach Triner,28,1,LS,66
Dare Ogunbowale,25,1,RB,66
Cole Boozer,25,0,T,66
Emmanuel Smith,23,0,LB,66
Ruben Holcomb,24,0,G,66
Bryant Mitchell,26,0,WR,66
Xavier Ubosi,0,0,WR,66
Jeremiah Ledbetter,25,2,DT,66
Donnie Ernsberger,0,0,TE,66
Tanner Hudson,24,0,TE,66
Cairo Santos,27,5,K,66
Kentrell Brice,24,3,S,66
Kevin Minter,28,6,ILB,66
Rakeem Nunez-Roches,25,4,DT,66
Earl Watford,29,6,G,66
Andre Ellington,30,5,RB,66
Corey Nelson,27,5,ILB,66
Devante Harris,26,3,CB,66
Michael Liedtke,27,1,G,66
Devante Bond,25,3,OLB,66
Isaiah Johnson,26,1,S,66
Orion Stewart,25,1,CB,66
Josh LeRibeus,29,6,C,66
Devin White,21,0,ILB,66
Jamel Dean,22,0,CB,66
Taylor Lewan,27,5,LT,67
Malcolm Butler,29,5,CB,67
Jurrell Casey,29,8,DT,67
Rodger Saffold,31,9,G,67
Adam Humphries,26,4,WR,67
Logan Ryan,28,6,CB,67
Corey Davis,24,2,WR,67
Marcus Mariota,25,4,QB,67
Kenny Vaccaro,28,6,SS,67
Cameron Wake,37,10,DE,67
DaQuan Jones,27,5,DE,67
Ryan Succop,32,10,K,67
Dion Lewis,28,7,RB,67
Ben Jones,29,7,C,67
Delanie Walker,34,13,TE,67
Jack Conklin,24,3,RT,67
Jeffery Simmons,21,0,DT,67
Brett Kern,33,11,P,67
Rashaan Evans,22,0,LB,67
Adoree' Jackson,23,2,CB,67
Wesley Woodyard,32,11,ILB,67
Harold Landry,23,0,LB,67
Daren Bates,28,6,ILB,67
Beau Brinkley,29,7,LS,67
Kamalei Correa,25,3,ILB,67
Austin Johnson,25,3,DT,67
A.J. Brown,22,0,WR,67
Derrick Henry,24,3,RB,67
Nate Davis,22,0,G,67
Taywan Taylor,24,2,WR,67
Kevin Byard,25,3,FS,67
Amani Hooker,21,0,S,67
Jonnu Smith,23,4,TE,67
D'Andre Walker,22,0,OLB,67
Dane Cruikshank,24,0,S,67
David Long,21,0,LB,67
Jayon Brown,24,2,ILB,67
Tajae Sharpe,24,3,WR,67
LeShaun Sims,25,2,CB,67
Corey Levin,24,2,G,67
Ryan Tannehill,30,7,QB,67
Cole Wick,25,2,TE,67
Jeremy McNichols,23,1,RB,67
Amani Bledsoe,0,0,DE,67
A.T. Hall,0,0,T,67
Alex Barnes,0,0,RB,67
Derick Roberson,0,0,OLB,67
Anthony Ratliff-Williams,0,0,WR,67
Braxton Hoyett,0,0,DT,67
Isaiah Mack,0,0,DT,67
Cody Conway,0,0,T,67
D’Andre Payne,23,0,CB,67
Parker Hesse,24,0,TE,67
Kareem Orr,0,0,CB,67
LaDarius Wiley,23,0,S,67
Joe Parker,0,0,WR,67
JoJo Tillery,0,0,S,67
Austin Pasztor,28,6,T,67
Matt Dickerson,23,0,DE,67
Aaron Stinnie,25,0,G,67
Austin Barnard,24,0,P,67
Kenneth Durden,27,1,S,67
Nigel Harris,24,2,OLB,67
LaTroy Lewis,25,1,ILB,67
Joshua Kalu,0,0,S,67
Riley Bullough,25,1,ILB,67
Kevin Pamphile,28,5,G,67
Kalif Raymond,24,3,WR,67
MyCole Pruitt,27,2,TE,67
Darius Jennings,27,2,WR,67
Sharif Finch,23,0,LB,67
Brent Urban,28,5,DT,67
Jamil Douglas,27,2,C,67
Gimel President,25,0,OLB,67
Dalyn Dawkins,24,0,RB,67
Tyler Marz,26,2,T,67
David Quessenberry,28,2,LT,67
Cody Hollister,25,1,WR,67
Logan Woodside,24,0,QB,67
Damon Webb,23,0,S,67
Cameron Batson,23,0,WR,67
Anthony Firkser,24,1,FB,67
Ryan Hewitt,28,5,FB,67
David Fluellen,27,4,RB,67
Hroniss Grasu,27,4,C,67
Mike Jordan,26,3,CB,67
Jalen Tolliver,23,0,WR,67
Tye Smith,26,3,CB,67
Alex Smith,35,14,QB,68
Landon Collins,25,4,FS,68
Josh Norman,31,7,CB,68
Trent Williams,30,9,LT,68
Ryan Kerrigan,30,8,OLB,68
Jordan Reed,28,6,TE,68
Paul Richardson,27,5,WR,68
Morgan Moses,28,5,RT,68
Matthew Ioannidis,25,3,DE,68
Brandon Scherff,27,4,G,68
Vernon Davis,35,13,TE,68
Da'Ron Payne,22,0,DT,68
Dwayne Haskins,22,0,QB,68
Montez Sweat,22,0,DE,68
Jonathan Allen,24,2,DE,68
Josh Doctson,26,3,WR,68
Reuben Foster,25,2,ILB,68
Tress Way,29,5,P,68
Dustin Hopkins,28,5,K,68
Chris Thompson,28,4,RB,68
Colt McCoy,32,9,QB,68
Quinton Dunbar,26,4,CB,68
Ryan Anderson,24,2,OLB,68
Adrian Peterson,34,11,RB,68
Derrius Guice,22,0,RB,68
Nick Sundberg,31,9,LS,68
Terry McLaurin,23,0,WR,68
Geron Christian,22,0,T,68
Case Keenum,31,6,QB,68
Mason Foster,30,8,ILB,68
Fabian Moreau,25,2,CB,68
Bryce Love,21,0,RB,68
Ereck Flowers,25,4,RT,68
Wes Martin,23,0,G,68
Troy Apke,24,0,S,68
Samaje Perine,23,2,RB,68
Montae Nicholson,23,2,S,68
Ross Pierschbacher,24,0,C,68
Cole Holcomb,22,0,LB,68
Tim Settle,21,0,DT,68
Jeremy Sprinkle,24,2,TE,68
Kelvin Harmon,22,0,WR,68
Jimmy Moreland,0,0,CB,68
Adonis Alexander,22,0,CB,68
Shaun-Dion Hamilton,23,0,ILB,68
Deshazor Everett,27,4,SS,68
Jordan Brailford,23,0,OLB,68
Chase Roullier,25,2,C,68
Greg Stroman,23,0,CB,68
Trey Quinn,23,0,WR,68
Josh Harvey-Clemons,25,2,ILB,68
JoJo McIntosh,0,0,S,68
Bryan Blunt,0,0,LB,68
Steven Sims Jr.,0,0,WR,68
Todd Rahming,0,0,WR,68
Ryan Bee,0,0,DT,68
Andrew Ankrah,0,0,DT,68
Brian Wallace,0,0,T,68
Jonathan Bonner,0,0,DE,68
Jerald Foster,0,0,G,68
Deion Harris,0,0,CB,68
Austin Maloata,0,0,DT,68
Craig Reynolds,0,0,RB,68
Danny Johnson,23,0,CB,68
Cam Sims,23,0,WR,68
Robert Davis,24,1,WR,68
Tyler Catalina,26,2,T,68
Marcus Smith,27,4,DE,68
Marquis Flowers,27,5,OLB,68
Casey Dunn,24,0,C,68
Jehu Chesson,25,2,WR,68
Caleb Brantley,24,2,DT,68
Byron Marshall,25,2,RB,68
Ashton Lampkin,25,0,CB,68
Elijah Wellman,24,0,FB,68
Jojo Wicker,23,0,DE,68
Dominique Rodgers-Cromartie,33,10,CB,68
Andrew East,27,2,LS,68
J.P. Holtz,25,1,TE,68
Cassanova Mckinzy,26,1,DE,68
Jeremy Reaves,22,0,S,68
Matt Flanagan,24,0,TE,68
Timon Parris,23,0,T,68
Darvin Kidsy,24,0,WR,68
Brian Quick,30,7,WR,68
Tony Bergstrom,32,7,C,68
Zac Kerin,27,4,C,68
Josh Woodrum,26,1,QB,68
Quin Blanding,23,0,S,68
Donald Parham,0,0,TE,68
Blake Hance,0,0,T,68
Jon Bostic,28,6,ILB,68
